"TimeCreated","Id","LevelDisplayName","ProviderName"
"19/03/2026 11:35:18","16","Information","Microsoft-Windows-Kernel-General"
"19/03/2026 11:30:29","19","Information","Microsoft-Windows-WindowsUpdateClient"
"19/03/2026 11:30:17","43","Information","Microsoft-Windows-WindowsUpdateClient"
"19/03/2026 11:30:17","44","Information","Microsoft-Windows-WindowsUpdateClient"
"19/03/2026 11:25:01","12","Information","Microsoft-Windows-UserModePowerService"
"19/03/2026 11:25:01","12","Information","Microsoft-Windows-UserModePowerService"
"19/03/2026 11:25:00","105","Information","Microsoft-Windows-Kernel-Power"
"19/03/2026 11:24:15","12","Information","Microsoft-Windows-UserModePowerService"
"19/03/2026 11:15:47","16","Information","Microsoft-Windows-Kernel-General"
"19/03/2026 11:15:47","16","Information","Microsoft-Windows-Kernel-General"
"19/03/2026 11:15:47","16","Information","Microsoft-Windows-Kernel-General"
"19/03/2026 11:15:47","16","Information","Microsoft-Windows-Kernel-General"
"19/03/2026 11:15:47","16","Information","Microsoft-Windows-Kernel-General"
"19/03/2026 11:15:47","16","Information","Microsoft-Windows-Kernel-General"
"19/03/2026 11:15:47","16","Information","Microsoft-Windows-Kernel-General"
"19/03/2026 11:15:47","16","Information","Microsoft-Windows-Kernel-General"
"19/03/2026 10:46:29","16","Information","Microsoft-Windows-Kernel-General"
"19/03/2026 10:46:29","16","Information","Microsoft-Windows-Kernel-General"
"19/03/2026 10:46:29","16","Information","Microsoft-Windows-Kernel-General"
"19/03/2026 10:46:29","16","Information","Microsoft-Windows-Kernel-General"
"19/03/2026 10:46:28","16","Information","Microsoft-Windows-Kernel-General"
"19/03/2026 10:34:17","16","Information","Microsoft-Windows-Kernel-General"
"19/03/2026 10:34:17","16","Information","Microsoft-Windows-Kernel-General"
"19/03/2026 10:13:26","16","Information","Microsoft-Windows-Kernel-General"
"19/03/2026 10:10:17","16","Information","Microsoft-Windows-Kernel-General"
"19/03/2026 10:10:17","16","Information","Microsoft-Windows-Kernel-General"
"19/03/2026 10:10:17","16","Information","Microsoft-Windows-Kernel-General"
"19/03/2026 10:05:08","19","Information","Microsoft-Windows-WindowsUpdateClient"
"19/03/2026 10:04:53","43","Information","Microsoft-Windows-WindowsUpdateClient"
"19/03/2026 10:04:53","44","Information","Microsoft-Windows-WindowsUpdateClient"
"19/03/2026 10:04:20","16","Information","Microsoft-Windows-Kernel-General"
"19/03/2026 10:04:18","16","Information","Microsoft-Windows-Kernel-General"
"19/03/2026 10:04:17","16","Information","Microsoft-Windows-Kernel-General"
"19/03/2026 10:04:15","16","Information","Microsoft-Windows-Kernel-General"
"19/03/2026 10:04:13","98","Information","Microsoft-Windows-Ntfs"
"19/03/2026 10:03:59","98","Information","Microsoft-Windows-Ntfs"
"19/03/2026 10:03:30","10016","Avertissement","Microsoft-Windows-DistributedCOM"
"19/03/2026 09:59:29","7040","Information","Service Control Manager"
"19/03/2026 09:59:26","1","Information","Microsoft-Windows-Kernel-General"
"19/03/2026 09:59:26","21","Erreur","Microsoft-Windows-HAL"
"19/03/2026 09:59:26","20","Erreur","Microsoft-Windows-HAL"
"19/03/2026 09:59:26","24","Information","Microsoft-Windows-Kernel-General"
"19/03/2026 09:59:23","1808","Information","Microsoft-Windows-TPM-WMI"
"19/03/2026 09:57:29","4","Information","Virtual Disk Service"
"19/03/2026 09:57:28","3","Information","Virtual Disk Service"
"19/03/2026 09:56:34","10016","Avertissement","Microsoft-Windows-DistributedCOM"
"19/03/2026 09:56:32","0","Information","Intel Connectivity Network Service"
"19/03/2026 09:56:32","16","Information","Intel Connectivity Network Service"
"19/03/2026 09:56:31","16","Information","Microsoft-Windows-Kernel-General"
"19/03/2026 09:56:31","16","Information","Microsoft-Windows-Kernel-General"
"19/03/2026 09:56:32","0","Information","Intel Analytics Service"
"19/03/2026 09:56:32","16","Information","Intel Analytics Service"
"19/03/2026 09:55:58","6062","Avertissement","Netwtw14"
"19/03/2026 09:55:51","7021","Information","Netwtw14"
"19/03/2026 09:55:25","37","Avertissement","Microsoft-Windows-Kernel-Processor-Power"
"19/03/2026 09:55:25","37","Avertissement","Microsoft-Windows-Kernel-Processor-Power"
"19/03/2026 09:55:25","37","Avertissement","Microsoft-Windows-Kernel-Processor-Power"
"19/03/2026 09:55:25","37","Avertissement","Microsoft-Windows-Kernel-Processor-Power"
"19/03/2026 09:55:25","37","Avertissement","Microsoft-Windows-Kernel-Processor-Power"
"19/03/2026 09:55:25","37","Avertissement","Microsoft-Windows-Kernel-Processor-Power"
"19/03/2026 09:55:25","37","Avertissement","Microsoft-Windows-Kernel-Processor-Power"
"19/03/2026 09:55:25","37","Avertissement","Microsoft-Windows-Kernel-Processor-Power"
"19/03/2026 09:55:25","37","Avertissement","Microsoft-Windows-Kernel-Processor-Power"
"19/03/2026 09:55:25","37","Avertissement","Microsoft-Windows-Kernel-Processor-Power"
"19/03/2026 09:54:49","7045","Information","Service Control Manager"
"19/03/2026 09:54:49","10001","Information","Microsoft-Windows-WLAN-AutoConfig"
"19/03/2026 09:54:46","16","Information","Microsoft-Windows-Kernel-General"
"19/03/2026 09:54:45","16","Information","Microsoft-Windows-Kernel-General"
"19/03/2026 09:54:44","172","Information","Microsoft-Windows-Kernel-Power"
"19/03/2026 09:54:44","7017","Information","Netwtw14"
"19/03/2026 09:54:43","7010","Information","Netwtw14"
"19/03/2026 09:54:43","7002","Information","Netwtw14"
"19/03/2026 09:54:43","7005","Information","Netwtw14"
"19/03/2026 09:54:43","7006","Information","Netwtw14"
"19/03/2026 09:54:43","7027","Information","Netwtw14"
"19/03/2026 09:54:43","7029","Information","Netwtw14"
"19/03/2026 09:54:43","7036","Information","Netwtw14"
"19/03/2026 09:54:43","10002","Avertissement","Microsoft-Windows-WLAN-AutoConfig"
"19/03/2026 09:54:43","8000","Information","Netwtw14"
"19/03/2026 09:54:43","172","Information","Microsoft-Windows-Kernel-Power"
"19/03/2026 09:54:40","1046","Information","Microsoft-Windows-TPM-WMI"
"19/03/2026 09:54:37","113","Information","Microsoft-Windows-HttpService"
"19/03/2026 09:54:37","111","Information","Microsoft-Windows-HttpService"
"19/03/2026 09:54:36","10001","Information","Microsoft-Windows-WLAN-AutoConfig"
"19/03/2026 09:54:36","12","Erreur","VBoxNetLwf"
"19/03/2026 09:54:36","172","Information","Microsoft-Windows-Kernel-Power"
"19/03/2026 09:54:36","7017","Information","Netwtw14"
"19/03/2026 09:54:36","7010","Information","Netwtw14"
"19/03/2026 09:54:36","7002","Information","Netwtw14"
"19/03/2026 09:54:36","7005","Information","Netwtw14"
"19/03/2026 09:54:36","7006","Information","Netwtw14"
"19/03/2026 09:54:36","7027","Information","Netwtw14"
"19/03/2026 09:54:36","7029","Information","Netwtw14"
"19/03/2026 09:54:36","7036","Information","Netwtw14"
"19/03/2026 09:54:36","1046","Information","Microsoft-Windows-TPM-WMI"
"19/03/2026 09:54:34","10002","Avertissement","Microsoft-Windows-WLAN-AutoConfig"
"19/03/2026 09:54:34","8000","Information","Netwtw14"
"19/03/2026 09:54:34","172","Information","Microsoft-Windows-Kernel-Power"
"19/03/2026 09:54:34","5","Information","ADIAmpDriver"
"19/03/2026 09:54:33","1025","Information","Microsoft-Windows-TPM-WMI"
"19/03/2026 09:54:33","1282","Information","Microsoft-Windows-TPM-WMI"
"19/03/2026 09:54:32","12","Erreur","VBoxNetLwf"
"19/03/2026 09:54:31","18","Information","TPM"
"19/03/2026 09:54:31","1","Information","Microsoft-Windows-Configuration-Change-Monitor"
"19/03/2026 09:54:32","18","Information","ErlSrv"
"19/03/2026 09:54:31","1","Information","Microsoft-Windows-Configuration-Change-Monitor"
"19/03/2026 09:54:30","1","Information","Microsoft-Windows-Configuration-Change-Monitor"
"19/03/2026 09:54:30","12","Information","Microsoft-Windows-UserModePowerService"
"19/03/2026 09:54:29","521","Information","Microsoft-Windows-Kernel-Power"
"19/03/2026 09:54:29","105","Information","Microsoft-Windows-Kernel-Power"
"19/03/2026 09:54:29","521","Information","Microsoft-Windows-Kernel-Power"
"19/03/2026 09:54:29","51","Information","Microsoft-Windows-UserModePowerService"
"19/03/2026 09:54:29","51","Information","Microsoft-Windows-UserModePowerService"
"19/03/2026 09:54:29","17","Information","ADIAmpDriver"
"19/03/2026 09:54:29","19","Information","ADIAmpDriver"
"19/03/2026 09:54:28","12","Information","Microsoft-Windows-UserModePowerService"
"19/03/2026 09:54:28","12","Information","Microsoft-Windows-UserModePowerService"
"19/03/2026 09:54:27","12","Information","Microsoft-Windows-UserModePowerService"
"19/03/2026 09:54:26","12","Information","Microsoft-Windows-UserModePowerService"
"19/03/2026 09:54:26","12","Information","Microsoft-Windows-UserModePowerService"
"19/03/2026 09:54:25","10016","Avertissement","Microsoft-Windows-DistributedCOM"
"19/03/2026 09:54:25","10016","Avertissement","Microsoft-Windows-DistributedCOM"
"19/03/2026 09:54:25","10001","Information","Microsoft-Windows-WLAN-AutoConfig"
"19/03/2026 09:54:24","4000","Information","Microsoft-Windows-WLAN-AutoConfig"
"19/03/2026 09:54:23","12","Information","Microsoft-Windows-UserModePowerService"
"19/03/2026 09:54:22","12","Information","Microsoft-Windows-UserModePowerService"
"19/03/2026 09:54:22","9","Information","ADIAmpDriver"
"19/03/2026 09:54:22","4","Information","ADIAmpDriver"
"19/03/2026 09:54:22","7","Information","ADIAmpDriver"
"19/03/2026 09:54:22","7009","Erreur","Service Control Manager"
"19/03/2026 09:54:22","1","Information","Microsoft-Windows-IsolatedUserMode"
"19/03/2026 09:54:22","5","Information","Microsoft-Windows-IsolatedUserMode"
"19/03/2026 09:54:21","112","Information","Microsoft-Windows-HttpService"
"19/03/2026 09:54:21","112","Information","Microsoft-Windows-HttpService"
"19/03/2026 09:54:21","112","Information","Microsoft-Windows-HttpService"
"19/03/2026 09:54:21","112","Information","Microsoft-Windows-HttpService"
"19/03/2026 09:54:21","112","Information","Microsoft-Windows-HttpService"
"19/03/2026 09:54:21","112","Information","Microsoft-Windows-HttpService"
"19/03/2026 09:54:21","112","Information","Microsoft-Windows-HttpService"
"19/03/2026 09:54:21","112","Information","Microsoft-Windows-HttpService"
"19/03/2026 09:54:21","112","Information","Microsoft-Windows-HttpService"
"19/03/2026 09:54:21","112","Information","Microsoft-Windows-HttpService"
"19/03/2026 09:54:21","112","Information","Microsoft-Windows-HttpService"
"19/03/2026 09:54:21","112","Information","Microsoft-Windows-HttpService"
"19/03/2026 09:54:21","112","Information","Microsoft-Windows-HttpService"
"19/03/2026 09:54:21","277","Information","Microsoft-Windows-Hyper-V-VmSwitch"
"19/03/2026 09:54:21","1038","Information","Microsoft-Windows-TPM-WMI"
"19/03/2026 09:54:21","1041","Information","Microsoft-Windows-TPM-WMI"
"19/03/2026 09:54:21","7001","Information","Microsoft-Windows-Winlogon"
"19/03/2026 09:54:21","267","Information","Win32k"
"19/03/2026 09:54:21","5","Information","ADIAmpDriver"
"19/03/2026 09:54:21","6","Information","Microsoft-Windows-FilterManager"
"19/03/2026 09:54:21","267","Information","Win32k"
"19/03/2026 09:54:21","6","Information","Microsoft-Windows-FilterManager"
"19/03/2026 09:54:21","6","Information","Microsoft-Windows-FilterManager"
"19/03/2026 09:54:21","6","Information","Microsoft-Windows-FilterManager"
"19/03/2026 09:54:21","1","Information","Microsoft-Windows-FilterManager"
"19/03/2026 09:54:21","6","Information","Microsoft-Windows-FilterManager"
"19/03/2026 09:54:21","6","Information","Microsoft-Windows-FilterManager"
"19/03/2026 09:54:21","6","Information","Microsoft-Windows-FilterManager"
"19/03/2026 09:54:21","6","Information","Microsoft-Windows-FilterManager"
"19/03/2026 09:54:21","51046","Information","Microsoft-Windows-DHCPv6-Client"
"19/03/2026 09:54:21","50036","Information","Microsoft-Windows-Dhcp-Client"
"19/03/2026 09:54:21","50103","Information","Microsoft-Windows-Dhcp-Client"
"19/03/2026 09:54:21","50036","Information","Microsoft-Windows-Dhcp-Client"
"19/03/2026 09:54:21","16983","Information","Microsoft-Windows-Directory-Services-SAM"
"19/03/2026 09:54:21","16977","Information","Microsoft-Windows-Directory-Services-SAM"
"19/03/2026 09:54:20","16962","Information","Microsoft-Windows-Directory-Services-SAM"
"19/03/2026 09:54:20","5","Information","Microsoft-Windows-IsolatedUserMode"
"19/03/2026 09:54:20","6156","Information","LsaSrv"
"19/03/2026 09:54:20","12","Information","Microsoft-Windows-Wininit"
"19/03/2026 09:54:20","18","Information","Microsoft-Windows-Wininit"
"19/03/2026 09:54:20","1","Information","Microsoft-Windows-IsolatedUserMode"
"19/03/2026 09:54:20","5","Information","Microsoft-Windows-IsolatedUserMode"
"19/03/2026 09:54:20","14","Information","Microsoft-Windows-Wininit"
"19/03/2026 09:54:20","23","Information","Microsoft-Windows-Wininit"
"19/03/2026 09:54:20","25","Information","Microsoft-Windows-Wininit"
"19/03/2026 09:54:20","24","Information","Microsoft-Windows-Wininit"
"19/03/2026 09:54:20","19","Information","Microsoft-Windows-Wininit"
"19/03/2026 09:54:20","21","Information","Microsoft-Windows-Wininit"
"19/03/2026 09:54:19","98","Information","Microsoft-Windows-Ntfs"
"19/03/2026 09:54:19","98","Information","Microsoft-Windows-Ntfs"
"19/03/2026 09:54:19","219","Avertissement","Microsoft-Windows-Kernel-PnP"
"19/03/2026 09:54:19","10118","Information","Microsoft-Windows-DriverFrameworks-UserMode"
"19/03/2026 09:54:18","18","Information","BTHUSB"
"19/03/2026 09:54:17","21","Information","ADIAmpDriver"
"19/03/2026 09:54:17","219","Avertissement","Microsoft-Windows-Kernel-PnP"
"19/03/2026 09:54:17","10118","Information","Microsoft-Windows-DriverFrameworks-UserMode"
"19/03/2026 09:54:16","219","Avertissement","Microsoft-Windows-Kernel-PnP"
"19/03/2026 09:54:16","10118","Information","Microsoft-Windows-DriverFrameworks-UserMode"
"19/03/2026 09:54:16","28","Information","Intel-SST-OED"
"19/03/2026 09:54:16","28","Information","Intel-SST-OED"
"19/03/2026 09:54:16","28","Information","Intel-SST-OED"
"19/03/2026 09:54:16","28","Information","Intel-SST-OED"
"19/03/2026 09:54:16","4","Information","ADIAmpDriver"
"19/03/2026 09:54:16","26","Information","ADIAmpDriver"
"19/03/2026 09:54:16","7017","Information","Netwtw14"
"19/03/2026 09:54:16","7010","Information","Netwtw14"
"19/03/2026 09:54:16","7002","Information","Netwtw14"
"19/03/2026 09:54:16","7005","Information","Netwtw14"
"19/03/2026 09:54:16","7006","Information","Netwtw14"
"19/03/2026 09:54:16","7027","Information","Netwtw14"
"19/03/2026 09:54:16","7029","Information","Netwtw14"
"19/03/2026 09:54:16","7036","Information","Netwtw14"
"19/03/2026 09:54:15","4096","Information","nipcibrd"
"19/03/2026 09:54:15","4096","Information","nipcibrd"
"19/03/2026 09:54:14","12","Erreur","VBoxNetLwf"
"19/03/2026 09:54:14","55","Information","Microsoft-Windows-Kernel-Processor-Power"
"19/03/2026 09:54:14","55","Information","Microsoft-Windows-Kernel-Processor-Power"
"19/03/2026 09:54:14","55","Information","Microsoft-Windows-Kernel-Processor-Power"
"19/03/2026 09:54:14","55","Information","Microsoft-Windows-Kernel-Processor-Power"
"19/03/2026 09:54:14","55","Information","Microsoft-Windows-Kernel-Processor-Power"
"19/03/2026 09:54:14","55","Information","Microsoft-Windows-Kernel-Processor-Power"
"19/03/2026 09:54:14","55","Information","Microsoft-Windows-Kernel-Processor-Power"
"19/03/2026 09:54:14","55","Information","Microsoft-Windows-Kernel-Processor-Power"
"19/03/2026 09:54:14","55","Information","Microsoft-Windows-Kernel-Processor-Power"
"19/03/2026 09:54:14","55","Information","Microsoft-Windows-Kernel-Processor-Power"
"19/03/2026 09:54:14","55","Information","Microsoft-Windows-Kernel-Processor-Power"
"19/03/2026 09:54:14","55","Information","Microsoft-Windows-Kernel-Processor-Power"
"19/03/2026 09:54:14","55","Information","Microsoft-Windows-Kernel-Processor-Power"
"19/03/2026 09:54:14","55","Information","Microsoft-Windows-Kernel-Processor-Power"
"19/03/2026 09:54:13","55","Information","Microsoft-Windows-Kernel-Processor-Power"
"19/03/2026 09:54:13","55","Information","Microsoft-Windows-Kernel-Processor-Power"
"19/03/2026 09:54:13","2","Information","MEIx64"
"19/03/2026 09:54:13","55","Information","Microsoft-Windows-Kernel-Processor-Power"
"19/03/2026 09:54:13","55","Information","Microsoft-Windows-Kernel-Processor-Power"
"19/03/2026 09:54:13","55","Information","Microsoft-Windows-Kernel-Processor-Power"
"19/03/2026 09:54:13","55","Information","Microsoft-Windows-Kernel-Processor-Power"
"19/03/2026 09:54:13","55","Information","Microsoft-Windows-Kernel-Processor-Power"
"19/03/2026 09:54:13","55","Information","Microsoft-Windows-Kernel-Processor-Power"
"19/03/2026 09:54:13","219","Avertissement","Microsoft-Windows-Kernel-PnP"
"19/03/2026 09:54:13","10118","Information","Microsoft-Windows-DriverFrameworks-UserMode"
"19/03/2026 09:54:10","24","Information","Microsoft-Windows-Kernel-General"
"19/03/2026 09:54:09","125","Information","Microsoft-Windows-Kernel-Power"
"19/03/2026 09:54:09","125","Information","Microsoft-Windows-Kernel-Power"
"19/03/2026 09:54:09","6","Information","Microsoft-Windows-FilterManager"
"19/03/2026 09:54:09","7036","Information","VfpExt"
"19/03/2026 09:54:09","7036","Information","VfpExt"
"19/03/2026 09:54:09","6","Information","Microsoft-Windows-FilterManager"
"19/03/2026 09:54:09","6","Information","Microsoft-Windows-FilterManager"
"19/03/2026 09:54:08","98","Information","Microsoft-Windows-Ntfs"
"19/03/2026 09:54:07","6","Information","Microsoft-Windows-FilterManager"
"19/03/2026 09:54:07","6","Information","Microsoft-Windows-FilterManager"
"19/03/2026 09:54:07","6","Information","Microsoft-Windows-FilterManager"
"19/03/2026 09:54:07","6","Information","Microsoft-Windows-FilterManager"
"19/03/2026 09:54:07","4096","Information","nipcibrd"
"19/03/2026 09:54:06","16","Information","Microsoft-Windows-HAL"
"19/03/2026 09:54:06","20","Information","Microsoft-Windows-Kernel-General"
"19/03/2026 09:54:06","30","Information","Microsoft-Windows-Kernel-Boot"
"19/03/2026 09:54:06","3","Information","Microsoft-Windows-IsolatedUserMode"
"19/03/2026 09:54:06","165","Information","Microsoft-Windows-Hyper-V-Hypervisor"
"19/03/2026 09:54:06","156","Information","Microsoft-Windows-Hyper-V-Hypervisor"
"19/03/2026 09:54:06","129","Information","Microsoft-Windows-Hyper-V-Hypervisor"
"19/03/2026 09:54:06","2","Information","Microsoft-Windows-Hyper-V-Hypervisor"
"19/03/2026 09:54:06","1","Information","Microsoft-Windows-Hyper-V-Hypervisor"
"19/03/2026 09:54:06","27","Information","Microsoft-Windows-Kernel-Boot"
"19/03/2026 09:54:06","25","Information","Microsoft-Windows-Kernel-Boot"
"19/03/2026 09:54:06","242","Information","Microsoft-Windows-Kernel-Boot"
"19/03/2026 09:54:06","272","Information","Microsoft-Windows-Kernel-Boot"
"19/03/2026 09:54:06","238","Information","Microsoft-Windows-Kernel-Boot"
"19/03/2026 09:54:06","247","Information","Microsoft-Windows-Kernel-Boot"
"19/03/2026 09:54:06","20","Information","Microsoft-Windows-Kernel-Boot"
"19/03/2026 09:54:06","32","Information","Microsoft-Windows-Kernel-Boot"
"19/03/2026 09:54:06","18","Information","Microsoft-Windows-Kernel-Boot"
"19/03/2026 09:54:06","153","Information","Microsoft-Windows-Kernel-Boot"
"19/03/2026 09:54:06","25","Information","Microsoft-Windows-Kernel-General"
"19/03/2026 09:54:06","12","Information","Microsoft-Windows-Kernel-General"
"18/03/2026 22:57:23","13","Information","Microsoft-Windows-Kernel-General"
"18/03/2026 22:57:23","577","Information","Microsoft-Windows-Kernel-Power"
"18/03/2026 22:57:21","109","Information","Microsoft-Windows-Kernel-Power"
"18/03/2026 22:57:18","4001","Information","Microsoft-Windows-WLAN-AutoConfig"
"18/03/2026 22:57:18","10002","Avertissement","Microsoft-Windows-WLAN-AutoConfig"
"18/03/2026 22:57:18","117","Information","Microsoft-Windows-HttpService"
"18/03/2026 22:57:18","114","Information","Microsoft-Windows-HttpService"
"19/03/2026 09:54:21","6013","Information","EventLog"
"19/03/2026 09:54:21","6005","Information","EventLog"
"19/03/2026 09:54:21","6009","Information","EventLog"
"18/03/2026 22:57:16","50037","Information","Microsoft-Windows-Dhcp-Client"
"18/03/2026 22:57:16","50106","Information","Microsoft-Windows-Dhcp-Client"
"18/03/2026 22:57:16","51057","Information","Microsoft-Windows-DHCPv6-Client"
"18/03/2026 22:57:16","51057","Information","Microsoft-Windows-DHCPv6-Client"
"18/03/2026 22:57:16","51057","Information","Microsoft-Windows-DHCPv6-Client"
"18/03/2026 22:57:16","51047","Information","Microsoft-Windows-DHCPv6-Client"
"18/03/2026 22:57:16","50105","Information","Microsoft-Windows-Dhcp-Client"
"18/03/2026 22:57:16","50104","Information","Microsoft-Windows-Dhcp-Client"
"18/03/2026 22:57:16","6006","Information","EventLog"
"18/03/2026 22:57:14","0","Information","Intel Connectivity Network Service"
"18/03/2026 22:57:13","2","Information","Microsoft-Windows-IsolatedUserMode"
"18/03/2026 22:57:13","0","Information","Intel Analytics Service"
"18/03/2026 22:57:13","16","Information","Intel Analytics Service"
"18/03/2026 22:57:13","16","Information","Intel Connectivity Network Service"
"18/03/2026 22:57:12","7002","Information","Microsoft-Windows-Winlogon"
"18/03/2026 22:57:11","100","Avertissement","winsrvext"
"18/03/2026 22:57:10","10010","Erreur","Microsoft-Windows-DistributedCOM"
"18/03/2026 22:57:05","10010","Erreur","Microsoft-Windows-DistributedCOM"
"18/03/2026 22:57:05","10010","Erreur","Microsoft-Windows-DistributedCOM"
"18/03/2026 22:57:05","1074","Information","User32"
"18/03/2026 22:53:08","19","Information","Microsoft-Windows-WindowsUpdateClient"
"18/03/2026 22:53:01","43","Information","Microsoft-Windows-WindowsUpdateClient"
"18/03/2026 22:53:01","44","Information","Microsoft-Windows-WindowsUpdateClient"
"18/03/2026 22:53:01","44","Information","Microsoft-Windows-WindowsUpdateClient"
"18/03/2026 22:53:01","44","Information","Microsoft-Windows-WindowsUpdateClient"
"18/03/2026 22:12:43","12","Information","Microsoft-Windows-UserModePowerService"
"18/03/2026 22:12:41","12","Information","Microsoft-Windows-UserModePowerService"
"18/03/2026 22:12:41","105","Information","Microsoft-Windows-Kernel-Power"
"18/03/2026 22:09:05","16","Information","Microsoft-Windows-Kernel-General"
"18/03/2026 22:09:05","16","Information","Microsoft-Windows-Kernel-General"
"18/03/2026 22:09:05","16","Information","Microsoft-Windows-Kernel-General"
"18/03/2026 21:15:28","12","Information","Microsoft-Windows-UserModePowerService"
"18/03/2026 19:10:50","12","Information","Microsoft-Windows-UserModePowerService"
"18/03/2026 19:10:49","105","Information","Microsoft-Windows-Kernel-Power"
"18/03/2026 18:29:49","19","Information","Microsoft-Windows-WindowsUpdateClient"
"18/03/2026 18:29:42","43","Information","Microsoft-Windows-WindowsUpdateClient"
"18/03/2026 18:29:42","44","Information","Microsoft-Windows-WindowsUpdateClient"
"18/03/2026 18:24:35","1","Information","Microsoft-Windows-Kernel-General"
"18/03/2026 18:24:35","21","Erreur","Microsoft-Windows-HAL"
"18/03/2026 18:24:35","20","Erreur","Microsoft-Windows-HAL"
"18/03/2026 18:24:35","24","Information","Microsoft-Windows-Kernel-General"
"18/03/2026 18:24:07","1808","Information","Microsoft-Windows-TPM-WMI"
"18/03/2026 18:22:26","4","Information","Virtual Disk Service"
"18/03/2026 18:22:25","3","Information","Virtual Disk Service"
"18/03/2026 18:22:16","10016","Avertissement","Microsoft-Windows-DistributedCOM"
"18/03/2026 18:21:39","6062","Avertissement","Netwtw14"
"18/03/2026 18:21:37","7021","Information","Netwtw14"
"18/03/2026 18:21:13","10016","Avertissement","Microsoft-Windows-DistributedCOM"
"18/03/2026 18:21:12","0","Information","Intel Connectivity Network Service"
"18/03/2026 18:21:12","16","Information","Intel Connectivity Network Service"
"18/03/2026 18:21:12","0","Information","Intel Analytics Service"
"18/03/2026 18:21:12","16","Information","Intel Analytics Service"
"18/03/2026 18:20:10","37","Avertissement","Microsoft-Windows-Kernel-Processor-Power"
"18/03/2026 18:20:10","37","Avertissement","Microsoft-Windows-Kernel-Processor-Power"
"18/03/2026 18:20:10","37","Avertissement","Microsoft-Windows-Kernel-Processor-Power"
"18/03/2026 18:20:10","37","Avertissement","Microsoft-Windows-Kernel-Processor-Power"
"18/03/2026 18:20:10","37","Avertissement","Microsoft-Windows-Kernel-Processor-Power"
"18/03/2026 18:20:10","37","Avertissement","Microsoft-Windows-Kernel-Processor-Power"
"18/03/2026 18:20:10","37","Avertissement","Microsoft-Windows-Kernel-Processor-Power"
"18/03/2026 18:20:10","37","Avertissement","Microsoft-Windows-Kernel-Processor-Power"
"18/03/2026 18:20:10","37","Avertissement","Microsoft-Windows-Kernel-Processor-Power"
"18/03/2026 18:20:10","37","Avertissement","Microsoft-Windows-Kernel-Processor-Power"
"18/03/2026 18:19:30","12","Information","Microsoft-Windows-UserModePowerService"
"18/03/2026 18:19:29","12","Information","Microsoft-Windows-UserModePowerService"
"18/03/2026 18:19:26","12","Information","Microsoft-Windows-UserModePowerService"
"18/03/2026 18:19:25","12","Information","Microsoft-Windows-UserModePowerService"
"18/03/2026 18:19:24","12","Information","Microsoft-Windows-UserModePowerService"
"18/03/2026 18:19:23","10016","Avertissement","Microsoft-Windows-DistributedCOM"
"18/03/2026 18:19:23","10016","Avertissement","Microsoft-Windows-DistributedCOM"
"18/03/2026 18:19:22","5","Information","ADIAmpDriver"
"18/03/2026 18:19:18","7001","Information","Microsoft-Windows-Winlogon"
"18/03/2026 18:19:17","18","Information","ErlSrv"
"18/03/2026 18:19:17","1046","Information","Microsoft-Windows-TPM-WMI"
"18/03/2026 18:19:17","1046","Information","Microsoft-Windows-TPM-WMI"
"18/03/2026 18:19:16","1025","Information","Microsoft-Windows-TPM-WMI"
"18/03/2026 18:19:15","113","Information","Microsoft-Windows-HttpService"
"18/03/2026 18:19:15","111","Information","Microsoft-Windows-HttpService"
"18/03/2026 18:19:15","12","Erreur","VBoxNetLwf"
"18/03/2026 18:19:14","17","Information","ADIAmpDriver"
"18/03/2026 18:19:14","19","Information","ADIAmpDriver"
"18/03/2026 18:19:13","12","Erreur","VBoxNetLwf"
"18/03/2026 18:19:13","1282","Information","Microsoft-Windows-TPM-WMI"
"18/03/2026 18:19:11","18","Information","TPM"
"18/03/2026 18:19:11","1","Information","Microsoft-Windows-Configuration-Change-Monitor"
"18/03/2026 18:19:11","1","Information","Microsoft-Windows-Configuration-Change-Monitor"
"18/03/2026 18:19:11","1","Information","Microsoft-Windows-Configuration-Change-Monitor"
"18/03/2026 18:19:10","10001","Information","Microsoft-Windows-WLAN-AutoConfig"
"18/03/2026 18:19:10","4000","Information","Microsoft-Windows-WLAN-AutoConfig"
"18/03/2026 18:19:08","12","Information","Microsoft-Windows-UserModePowerService"
"18/03/2026 18:19:08","12","Information","Microsoft-Windows-UserModePowerService"
"18/03/2026 18:19:07","9","Information","ADIAmpDriver"
"18/03/2026 18:19:07","7009","Erreur","Service Control Manager"
"18/03/2026 18:19:07","4","Information","ADIAmpDriver"
"18/03/2026 18:19:07","7","Information","ADIAmpDriver"
"18/03/2026 18:19:07","1","Information","Microsoft-Windows-IsolatedUserMode"
"18/03/2026 18:19:07","5","Information","Microsoft-Windows-IsolatedUserMode"
"18/03/2026 18:19:07","112","Information","Microsoft-Windows-HttpService"
"18/03/2026 18:19:07","112","Information","Microsoft-Windows-HttpService"
"18/03/2026 18:19:07","112","Information","Microsoft-Windows-HttpService"
"18/03/2026 18:19:07","112","Information","Microsoft-Windows-HttpService"
"18/03/2026 18:19:07","112","Information","Microsoft-Windows-HttpService"
"18/03/2026 18:19:07","112","Information","Microsoft-Windows-HttpService"
"18/03/2026 18:19:07","112","Information","Microsoft-Windows-HttpService"
"18/03/2026 18:19:07","112","Information","Microsoft-Windows-HttpService"
"18/03/2026 18:19:07","112","Information","Microsoft-Windows-HttpService"
"18/03/2026 18:19:07","112","Information","Microsoft-Windows-HttpService"
"18/03/2026 18:19:07","112","Information","Microsoft-Windows-HttpService"
"18/03/2026 18:19:07","112","Information","Microsoft-Windows-HttpService"
"18/03/2026 18:19:07","112","Information","Microsoft-Windows-HttpService"
"18/03/2026 18:19:07","1038","Information","Microsoft-Windows-TPM-WMI"
"18/03/2026 18:19:07","1041","Information","Microsoft-Windows-TPM-WMI"
"18/03/2026 18:19:07","277","Information","Microsoft-Windows-Hyper-V-VmSwitch"
"18/03/2026 18:19:06","6","Information","Microsoft-Windows-FilterManager"
"18/03/2026 18:19:06","6","Information","Microsoft-Windows-FilterManager"
"18/03/2026 18:19:06","6","Information","Microsoft-Windows-FilterManager"
"18/03/2026 18:19:06","267","Information","Win32k"
"18/03/2026 18:19:06","6","Information","Microsoft-Windows-FilterManager"
"18/03/2026 18:19:06","1","Information","Microsoft-Windows-FilterManager"
"18/03/2026 18:19:06","6","Information","Microsoft-Windows-FilterManager"
"18/03/2026 18:19:06","267","Information","Win32k"
"18/03/2026 18:19:06","6","Information","Microsoft-Windows-FilterManager"
"18/03/2026 18:19:06","6","Information","Microsoft-Windows-FilterManager"
"18/03/2026 18:19:06","6","Information","Microsoft-Windows-FilterManager"
"18/03/2026 18:19:06","5","Information","ADIAmpDriver"
"18/03/2026 18:19:06","51046","Information","Microsoft-Windows-DHCPv6-Client"
"18/03/2026 18:19:06","50036","Information","Microsoft-Windows-Dhcp-Client"
"18/03/2026 18:19:06","50103","Information","Microsoft-Windows-Dhcp-Client"
"18/03/2026 18:19:06","50036","Information","Microsoft-Windows-Dhcp-Client"
"18/03/2026 18:19:06","16983","Information","Microsoft-Windows-Directory-Services-SAM"
"18/03/2026 18:19:06","16977","Information","Microsoft-Windows-Directory-Services-SAM"
"18/03/2026 18:19:06","16962","Information","Microsoft-Windows-Directory-Services-SAM"
"18/03/2026 18:19:06","5","Information","Microsoft-Windows-IsolatedUserMode"
"18/03/2026 18:19:06","6156","Information","LsaSrv"
"18/03/2026 18:19:06","12","Information","Microsoft-Windows-Wininit"
"18/03/2026 18:19:06","18","Information","Microsoft-Windows-Wininit"
"18/03/2026 18:19:06","1","Information","Microsoft-Windows-IsolatedUserMode"
"18/03/2026 18:19:06","5","Information","Microsoft-Windows-IsolatedUserMode"
"18/03/2026 18:19:06","14","Information","Microsoft-Windows-Wininit"
"18/03/2026 18:19:05","23","Information","Microsoft-Windows-Wininit"
"18/03/2026 18:19:05","25","Information","Microsoft-Windows-Wininit"
"18/03/2026 18:19:05","24","Information","Microsoft-Windows-Wininit"
"18/03/2026 18:19:05","19","Information","Microsoft-Windows-Wininit"
"18/03/2026 18:19:05","21","Information","Microsoft-Windows-Wininit"
"18/03/2026 18:19:05","98","Information","Microsoft-Windows-Ntfs"
"18/03/2026 18:19:05","98","Information","Microsoft-Windows-Ntfs"
"18/03/2026 18:19:04","219","Avertissement","Microsoft-Windows-Kernel-PnP"
"18/03/2026 18:19:04","10118","Information","Microsoft-Windows-DriverFrameworks-UserMode"
"18/03/2026 18:19:03","18","Information","BTHUSB"
"18/03/2026 18:19:02","21","Information","ADIAmpDriver"
"18/03/2026 18:19:02","219","Avertissement","Microsoft-Windows-Kernel-PnP"
"18/03/2026 18:19:02","10118","Information","Microsoft-Windows-DriverFrameworks-UserMode"
"18/03/2026 18:19:01","219","Avertissement","Microsoft-Windows-Kernel-PnP"
"18/03/2026 18:19:01","10118","Information","Microsoft-Windows-DriverFrameworks-UserMode"
"18/03/2026 18:19:01","28","Information","Intel-SST-OED"
"18/03/2026 18:19:01","28","Information","Intel-SST-OED"
"18/03/2026 18:19:01","28","Information","Intel-SST-OED"
"18/03/2026 18:19:01","28","Information","Intel-SST-OED"
"18/03/2026 18:19:01","4","Information","ADIAmpDriver"
"18/03/2026 18:19:01","26","Information","ADIAmpDriver"
"18/03/2026 18:19:01","7017","Information","Netwtw14"
"18/03/2026 18:19:01","7010","Information","Netwtw14"
"18/03/2026 18:19:01","7002","Information","Netwtw14"
"18/03/2026 18:19:01","7005","Information","Netwtw14"
"18/03/2026 18:19:01","7006","Information","Netwtw14"
"18/03/2026 18:19:01","7027","Information","Netwtw14"
"18/03/2026 18:19:01","7029","Information","Netwtw14"
"18/03/2026 18:19:01","7036","Information","Netwtw14"
"18/03/2026 18:19:00","4096","Information","nipcibrd"
"18/03/2026 18:19:00","4096","Information","nipcibrd"
"18/03/2026 18:18:59","521","Information","Microsoft-Windows-Kernel-Power"
"18/03/2026 18:18:59","521","Information","Microsoft-Windows-Kernel-Power"
"18/03/2026 18:18:59","12","Erreur","VBoxNetLwf"
"18/03/2026 18:18:59","55","Information","Microsoft-Windows-Kernel-Processor-Power"
"18/03/2026 18:18:59","55","Information","Microsoft-Windows-Kernel-Processor-Power"
"18/03/2026 18:18:59","55","Information","Microsoft-Windows-Kernel-Processor-Power"
"18/03/2026 18:18:59","55","Information","Microsoft-Windows-Kernel-Processor-Power"
"18/03/2026 18:18:59","55","Information","Microsoft-Windows-Kernel-Processor-Power"
"18/03/2026 18:18:59","55","Information","Microsoft-Windows-Kernel-Processor-Power"
"18/03/2026 18:18:59","55","Information","Microsoft-Windows-Kernel-Processor-Power"
"18/03/2026 18:18:59","55","Information","Microsoft-Windows-Kernel-Processor-Power"
"18/03/2026 18:18:59","55","Information","Microsoft-Windows-Kernel-Processor-Power"
"18/03/2026 18:18:59","55","Information","Microsoft-Windows-Kernel-Processor-Power"
"18/03/2026 18:18:59","55","Information","Microsoft-Windows-Kernel-Processor-Power"
"18/03/2026 18:18:59","55","Information","Microsoft-Windows-Kernel-Processor-Power"
"18/03/2026 18:18:59","55","Information","Microsoft-Windows-Kernel-Processor-Power"
"18/03/2026 18:18:59","55","Information","Microsoft-Windows-Kernel-Processor-Power"
"18/03/2026 18:18:59","55","Information","Microsoft-Windows-Kernel-Processor-Power"
"18/03/2026 18:18:59","55","Information","Microsoft-Windows-Kernel-Processor-Power"
"18/03/2026 18:18:59","55","Information","Microsoft-Windows-Kernel-Processor-Power"
"18/03/2026 18:18:59","55","Information","Microsoft-Windows-Kernel-Processor-Power"
"18/03/2026 18:18:59","55","Information","Microsoft-Windows-Kernel-Processor-Power"
"18/03/2026 18:18:59","55","Information","Microsoft-Windows-Kernel-Processor-Power"
"18/03/2026 18:18:59","2","Information","MEIx64"
"18/03/2026 18:18:59","55","Information","Microsoft-Windows-Kernel-Processor-Power"
"18/03/2026 18:18:59","55","Information","Microsoft-Windows-Kernel-Processor-Power"
"18/03/2026 18:18:59","12","Erreur","VBoxNetLwf"
"18/03/2026 18:18:57","219","Avertissement","Microsoft-Windows-Kernel-PnP"
"18/03/2026 18:18:57","10118","Information","Microsoft-Windows-DriverFrameworks-UserMode"
"18/03/2026 18:18:55","24","Information","Microsoft-Windows-Kernel-General"
"18/03/2026 18:18:53","41","Critique","Microsoft-Windows-Kernel-Power"
"18/03/2026 18:18:53","125","Information","Microsoft-Windows-Kernel-Power"
"18/03/2026 18:18:53","125","Information","Microsoft-Windows-Kernel-Power"
"18/03/2026 18:18:53","6","Information","Microsoft-Windows-FilterManager"
"18/03/2026 18:18:53","7036","Information","VfpExt"
"18/03/2026 18:18:53","7036","Information","VfpExt"
"18/03/2026 18:18:53","6","Information","Microsoft-Windows-FilterManager"
"18/03/2026 18:18:53","6","Information","Microsoft-Windows-FilterManager"
"18/03/2026 18:18:53","98","Information","Microsoft-Windows-Ntfs"
"18/03/2026 18:18:51","6","Information","Microsoft-Windows-FilterManager"
"18/03/2026 18:18:51","6","Information","Microsoft-Windows-FilterManager"
"18/03/2026 18:18:51","6","Information","Microsoft-Windows-FilterManager"
"18/03/2026 18:18:51","6","Information","Microsoft-Windows-FilterManager"
"18/03/2026 18:18:51","4096","Information","nipcibrd"
"18/03/2026 18:18:50","16","Information","Microsoft-Windows-HAL"
"18/03/2026 18:18:50","20","Information","Microsoft-Windows-Kernel-General"
"18/03/2026 18:18:50","30","Information","Microsoft-Windows-Kernel-Boot"
"18/03/2026 18:18:50","3","Information","Microsoft-Windows-IsolatedUserMode"
"18/03/2026 18:19:06","6013","Information","EventLog"
"18/03/2026 18:19:06","6005","Information","EventLog"
"18/03/2026 18:19:06","6009","Information","EventLog"
"18/03/2026 18:19:06","6008","Erreur","EventLog"
"18/03/2026 18:18:50","165","Information","Microsoft-Windows-Hyper-V-Hypervisor"
"18/03/2026 18:18:50","156","Information","Microsoft-Windows-Hyper-V-Hypervisor"
"18/03/2026 18:18:50","129","Information","Microsoft-Windows-Hyper-V-Hypervisor"
"18/03/2026 18:18:50","2","Information","Microsoft-Windows-Hyper-V-Hypervisor"
"18/03/2026 18:18:50","1","Information","Microsoft-Windows-Hyper-V-Hypervisor"
"18/03/2026 18:18:50","27","Information","Microsoft-Windows-Kernel-Boot"
"18/03/2026 18:18:50","25","Information","Microsoft-Windows-Kernel-Boot"
"18/03/2026 18:18:50","242","Information","Microsoft-Windows-Kernel-Boot"
"18/03/2026 18:18:50","272","Information","Microsoft-Windows-Kernel-Boot"
"18/03/2026 18:18:50","238","Information","Microsoft-Windows-Kernel-Boot"
"18/03/2026 18:18:50","247","Information","Microsoft-Windows-Kernel-Boot"
"18/03/2026 18:18:50","20","Information","Microsoft-Windows-Kernel-Boot"
"18/03/2026 18:18:50","32","Information","Microsoft-Windows-Kernel-Boot"
"18/03/2026 18:18:50","18","Information","Microsoft-Windows-Kernel-Boot"
"18/03/2026 18:18:50","153","Information","Microsoft-Windows-Kernel-Boot"
"18/03/2026 18:18:50","25","Information","Microsoft-Windows-Kernel-General"
"18/03/2026 18:18:50","12","Information","Microsoft-Windows-Kernel-General"
"18/03/2026 18:02:14","7040","Information","Service Control Manager"
"18/03/2026 18:00:10","7040","Information","Service Control Manager"
"18/03/2026 17:58:00","12","Information","Microsoft-Windows-UserModePowerService"
"18/03/2026 17:58:00","12","Information","Microsoft-Windows-UserModePowerService"
"18/03/2026 17:57:59","105","Information","Microsoft-Windows-Kernel-Power"
"18/03/2026 17:57:33","12","Information","Microsoft-Windows-UserModePowerService"
"18/03/2026 17:57:32","12","Information","Microsoft-Windows-UserModePowerService"
"18/03/2026 17:57:32","105","Information","Microsoft-Windows-Kernel-Power"
"18/03/2026 17:55:58","19","Information","Microsoft-Windows-WindowsUpdateClient"
"18/03/2026 17:55:56","43","Information","Microsoft-Windows-WindowsUpdateClient"
"18/03/2026 17:55:55","16","Information","Microsoft-Windows-Kernel-General"
"18/03/2026 17:55:44","20","Erreur","Microsoft-Windows-WindowsUpdateClient"
"18/03/2026 17:55:44","43","Information","Microsoft-Windows-WindowsUpdateClient"
"18/03/2026 17:55:42","44","Information","Microsoft-Windows-WindowsUpdateClient"
"18/03/2026 17:55:42","44","Information","Microsoft-Windows-WindowsUpdateClient"
"18/03/2026 17:55:42","44","Information","Microsoft-Windows-WindowsUpdateClient"
"18/03/2026 17:55:42","44","Information","Microsoft-Windows-WindowsUpdateClient"
"18/03/2026 17:55:40","44","Information","Microsoft-Windows-WindowsUpdateClient"
"18/03/2026 17:55:38","44","Information","Microsoft-Windows-WindowsUpdateClient"
"18/03/2026 17:55:38","44","Information","Microsoft-Windows-WindowsUpdateClient"
"18/03/2026 17:55:38","44","Information","Microsoft-Windows-WindowsUpdateClient"
"18/03/2026 17:55:38","44","Information","Microsoft-Windows-WindowsUpdateClient"
"18/03/2026 17:55:37","44","Information","Microsoft-Windows-WindowsUpdateClient"
"18/03/2026 17:55:37","44","Information","Microsoft-Windows-WindowsUpdateClient"
"18/03/2026 17:55:34","44","Information","Microsoft-Windows-WindowsUpdateClient"
"18/03/2026 17:55:29","44","Information","Microsoft-Windows-WindowsUpdateClient"
"18/03/2026 17:55:25","44","Information","Microsoft-Windows-WindowsUpdateClient"
"18/03/2026 17:55:25","44","Information","Microsoft-Windows-WindowsUpdateClient"
"18/03/2026 17:49:17","12","Information","Microsoft-Windows-UserModePowerService"
"18/03/2026 17:49:16","12","Information","Microsoft-Windows-UserModePowerService"
"18/03/2026 17:49:15","105","Information","Microsoft-Windows-Kernel-Power"
"18/03/2026 16:57:16","12","Information","Microsoft-Windows-UserModePowerService"
"18/03/2026 15:25:08","16","Information","Microsoft-Windows-Kernel-General"
"18/03/2026 15:20:53","19","Information","Microsoft-Windows-WindowsUpdateClient"
"18/03/2026 15:20:49","43","Information","Microsoft-Windows-WindowsUpdateClient"
"18/03/2026 15:20:08","16","Information","Microsoft-Windows-Kernel-General"
"18/03/2026 15:19:51","44","Information","Microsoft-Windows-WindowsUpdateClient"
"18/03/2026 14:53:31","19","Information","Microsoft-Windows-WindowsUpdateClient"
"18/03/2026 14:53:20","43","Information","Microsoft-Windows-WindowsUpdateClient"
"18/03/2026 14:53:20","44","Information","Microsoft-Windows-WindowsUpdateClient"
"18/03/2026 14:51:40","6062","Avertissement","Netwtw14"
"18/03/2026 14:51:36","7021","Information","Netwtw14"
"18/03/2026 14:50:43","1014","Avertissement","Microsoft-Windows-DNS-Client"
"18/03/2026 14:50:35","7021","Information","Netwtw14"
"18/03/2026 14:50:29","7021","Information","Netwtw14"
"18/03/2026 14:50:28","7011","Information","Netwtw14"
"18/03/2026 14:50:27","7012","Information","Netwtw14"
"18/03/2026 14:50:24","12","Information","Microsoft-Windows-UserModePowerService"
"18/03/2026 14:50:09","1808","Information","Microsoft-Windows-TPM-WMI"
"18/03/2026 14:50:00","105","Information","Microsoft-Windows-Kernel-Power"
"18/03/2026 14:48:40","1","Information","Microsoft-Windows-Kernel-General"
"18/03/2026 14:48:40","21","Erreur","Microsoft-Windows-HAL"
"18/03/2026 14:48:40","20","Erreur","Microsoft-Windows-HAL"
"18/03/2026 14:48:40","24","Information","Microsoft-Windows-Kernel-General"
"18/03/2026 14:48:40","10016","Avertissement","Microsoft-Windows-DistributedCOM"
"18/03/2026 14:46:39","4","Information","Virtual Disk Service"
"18/03/2026 14:46:37","3","Information","Virtual Disk Service"
"18/03/2026 14:46:11","10016","Avertissement","Microsoft-Windows-DistributedCOM"
"18/03/2026 14:44:52","0","Information","Intel Connectivity Network Service"
"18/03/2026 14:44:38","16","Information","Intel Connectivity Network Service"
"18/03/2026 14:44:37","0","Information","Intel Analytics Service"
"18/03/2026 14:44:37","16","Information","Intel Analytics Service"
"18/03/2026 14:44:28","10010","Erreur","Microsoft-Windows-DistributedCOM"
"18/03/2026 14:43:34","1","Information","Microsoft-Windows-Kernel-General"
"18/03/2026 14:43:34","21","Erreur","Microsoft-Windows-HAL"
"18/03/2026 14:43:34","20","Erreur","Microsoft-Windows-HAL"
"18/03/2026 14:43:34","24","Information","Microsoft-Windows-Kernel-General"
"18/03/2026 14:43:30","37","Avertissement","Microsoft-Windows-Kernel-Processor-Power"
"18/03/2026 14:43:30","37","Avertissement","Microsoft-Windows-Kernel-Processor-Power"
"18/03/2026 14:43:29","37","Avertissement","Microsoft-Windows-Kernel-Processor-Power"
"18/03/2026 14:43:29","37","Avertissement","Microsoft-Windows-Kernel-Processor-Power"
"18/03/2026 14:43:29","37","Avertissement","Microsoft-Windows-Kernel-Processor-Power"
"18/03/2026 14:43:29","37","Avertissement","Microsoft-Windows-Kernel-Processor-Power"
"18/03/2026 14:43:29","37","Avertissement","Microsoft-Windows-Kernel-Processor-Power"
"18/03/2026 14:43:29","37","Avertissement","Microsoft-Windows-Kernel-Processor-Power"
"18/03/2026 14:43:29","37","Avertissement","Microsoft-Windows-Kernel-Processor-Power"
"18/03/2026 14:43:29","37","Avertissement","Microsoft-Windows-Kernel-Processor-Power"
"18/03/2026 14:43:06","6062","Avertissement","Netwtw14"
"18/03/2026 14:43:05","7021","Information","Netwtw14"
"18/03/2026 14:42:58","7045","Information","Service Control Manager"
"18/03/2026 14:42:58","10001","Information","Microsoft-Windows-WLAN-AutoConfig"
"18/03/2026 14:42:52","172","Information","Microsoft-Windows-Kernel-Power"
"18/03/2026 14:42:52","7017","Information","Netwtw14"
"18/03/2026 14:42:52","7010","Information","Netwtw14"
"18/03/2026 14:42:52","7002","Information","Netwtw14"
"18/03/2026 14:42:52","7005","Information","Netwtw14"
"18/03/2026 14:42:52","7006","Information","Netwtw14"
"18/03/2026 14:42:51","7027","Information","Netwtw14"
"18/03/2026 14:42:51","7029","Information","Netwtw14"
"18/03/2026 14:42:51","7036","Information","Netwtw14"
"18/03/2026 14:42:50","10002","Avertissement","Microsoft-Windows-WLAN-AutoConfig"
"18/03/2026 14:42:50","8000","Information","Netwtw14"
"18/03/2026 14:42:50","172","Information","Microsoft-Windows-Kernel-Power"
"18/03/2026 14:42:46","7021","Information","Netwtw14"
"18/03/2026 14:42:42","1046","Information","Microsoft-Windows-TPM-WMI"
"18/03/2026 14:42:40","113","Information","Microsoft-Windows-HttpService"
"18/03/2026 14:42:40","111","Information","Microsoft-Windows-HttpService"
"18/03/2026 14:42:40","1046","Information","Microsoft-Windows-TPM-WMI"
"18/03/2026 14:42:39","10001","Information","Microsoft-Windows-WLAN-AutoConfig"
"18/03/2026 14:42:39","5","Information","ADIAmpDriver"
"18/03/2026 14:42:39","172","Information","Microsoft-Windows-Kernel-Power"
"18/03/2026 14:42:39","7017","Information","Netwtw14"
"18/03/2026 14:42:38","7010","Information","Netwtw14"
"18/03/2026 14:42:38","7002","Information","Netwtw14"
"18/03/2026 14:42:38","7005","Information","Netwtw14"
"18/03/2026 14:42:38","7006","Information","Netwtw14"
"18/03/2026 14:42:38","12","Information","Microsoft-Windows-UserModePowerService"
"18/03/2026 14:42:37","7027","Information","Netwtw14"
"18/03/2026 14:42:37","7029","Information","Netwtw14"
"18/03/2026 14:42:37","7036","Information","Netwtw14"
"18/03/2026 14:42:37","12","Erreur","VBoxNetLwf"
"18/03/2026 14:42:37","10002","Avertissement","Microsoft-Windows-WLAN-AutoConfig"
"18/03/2026 14:42:37","8000","Information","Netwtw14"
"18/03/2026 14:42:37","172","Information","Microsoft-Windows-Kernel-Power"
"18/03/2026 14:42:36","1025","Information","Microsoft-Windows-TPM-WMI"
"18/03/2026 14:42:36","12","Information","Microsoft-Windows-UserModePowerService"
"18/03/2026 14:42:37","18","Information","ErlSrv"
"18/03/2026 14:42:36","7021","Information","Netwtw14"
"18/03/2026 14:42:34","17","Information","ADIAmpDriver"
"18/03/2026 14:42:34","19","Information","ADIAmpDriver"
"18/03/2026 14:42:34","12","Erreur","VBoxNetLwf"
"18/03/2026 14:42:33","12","Information","Microsoft-Windows-UserModePowerService"
"18/03/2026 14:42:33","1282","Information","Microsoft-Windows-TPM-WMI"
"18/03/2026 14:42:33","18","Information","TPM"
"18/03/2026 14:42:33","1","Information","Microsoft-Windows-Configuration-Change-Monitor"
"18/03/2026 14:42:33","1","Information","Microsoft-Windows-Configuration-Change-Monitor"
"18/03/2026 14:42:32","12","Information","Microsoft-Windows-UserModePowerService"
"18/03/2026 14:42:32","1","Information","Microsoft-Windows-Configuration-Change-Monitor"
"18/03/2026 14:42:31","12","Information","Microsoft-Windows-UserModePowerService"
"18/03/2026 14:42:31","10016","Avertissement","Microsoft-Windows-DistributedCOM"
"18/03/2026 14:42:31","10016","Avertissement","Microsoft-Windows-DistributedCOM"
"18/03/2026 14:42:30","10001","Information","Microsoft-Windows-WLAN-AutoConfig"
"18/03/2026 14:42:30","4000","Information","Microsoft-Windows-WLAN-AutoConfig"
"18/03/2026 14:42:28","12","Information","Microsoft-Windows-UserModePowerService"
"18/03/2026 14:42:27","12","Information","Microsoft-Windows-UserModePowerService"
"18/03/2026 14:42:27","7045","Information","Service Control Manager"
"18/03/2026 14:42:27","9","Information","ADIAmpDriver"
"18/03/2026 14:42:27","4","Information","ADIAmpDriver"
"18/03/2026 14:42:27","7","Information","ADIAmpDriver"
"18/03/2026 14:42:27","7009","Erreur","Service Control Manager"
"18/03/2026 14:42:27","1","Information","Microsoft-Windows-IsolatedUserMode"
"18/03/2026 14:42:27","5","Information","Microsoft-Windows-IsolatedUserMode"
"18/03/2026 14:42:27","112","Information","Microsoft-Windows-HttpService"
"18/03/2026 14:42:27","112","Information","Microsoft-Windows-HttpService"
"18/03/2026 14:42:27","112","Information","Microsoft-Windows-HttpService"
"18/03/2026 14:42:27","112","Information","Microsoft-Windows-HttpService"
"18/03/2026 14:42:27","112","Information","Microsoft-Windows-HttpService"
"18/03/2026 14:42:27","112","Information","Microsoft-Windows-HttpService"
"18/03/2026 14:42:27","112","Information","Microsoft-Windows-HttpService"
"18/03/2026 14:42:27","112","Information","Microsoft-Windows-HttpService"
"18/03/2026 14:42:27","112","Information","Microsoft-Windows-HttpService"
"18/03/2026 14:42:27","112","Information","Microsoft-Windows-HttpService"
"18/03/2026 14:42:27","112","Information","Microsoft-Windows-HttpService"
"18/03/2026 14:42:27","112","Information","Microsoft-Windows-HttpService"
"18/03/2026 14:42:27","112","Information","Microsoft-Windows-HttpService"
"18/03/2026 14:42:26","277","Information","Microsoft-Windows-Hyper-V-VmSwitch"
"18/03/2026 14:42:26","1038","Information","Microsoft-Windows-TPM-WMI"
"18/03/2026 14:42:26","1041","Information","Microsoft-Windows-TPM-WMI"
"18/03/2026 14:42:26","7001","Information","Microsoft-Windows-Winlogon"
"18/03/2026 14:42:26","6","Information","Microsoft-Windows-FilterManager"
"18/03/2026 14:42:26","6","Information","Microsoft-Windows-FilterManager"
"18/03/2026 14:42:26","6","Information","Microsoft-Windows-FilterManager"
"18/03/2026 14:42:26","267","Information","Win32k"
"18/03/2026 14:42:26","6","Information","Microsoft-Windows-FilterManager"
"18/03/2026 14:42:26","1","Information","Microsoft-Windows-FilterManager"
"18/03/2026 14:42:26","6","Information","Microsoft-Windows-FilterManager"
"18/03/2026 14:42:26","267","Information","Win32k"
"18/03/2026 14:42:26","6","Information","Microsoft-Windows-FilterManager"
"18/03/2026 14:42:26","6","Information","Microsoft-Windows-FilterManager"
"18/03/2026 14:42:26","6","Information","Microsoft-Windows-FilterManager"
"18/03/2026 14:42:26","51046","Information","Microsoft-Windows-DHCPv6-Client"
"18/03/2026 14:42:26","50036","Information","Microsoft-Windows-Dhcp-Client"
"18/03/2026 14:42:26","50103","Information","Microsoft-Windows-Dhcp-Client"
"18/03/2026 14:42:26","50036","Information","Microsoft-Windows-Dhcp-Client"
"18/03/2026 14:42:26","5","Information","ADIAmpDriver"
"18/03/2026 14:42:25","16983","Information","Microsoft-Windows-Directory-Services-SAM"
"18/03/2026 14:42:25","16977","Information","Microsoft-Windows-Directory-Services-SAM"
"18/03/2026 14:42:25","16962","Information","Microsoft-Windows-Directory-Services-SAM"
"18/03/2026 14:42:25","5","Information","Microsoft-Windows-IsolatedUserMode"
"18/03/2026 14:42:25","6156","Information","LsaSrv"
"18/03/2026 14:42:25","12","Information","Microsoft-Windows-Wininit"
"18/03/2026 14:42:25","18","Information","Microsoft-Windows-Wininit"
"18/03/2026 14:42:25","1","Information","Microsoft-Windows-IsolatedUserMode"
"18/03/2026 14:42:25","5","Information","Microsoft-Windows-IsolatedUserMode"
"18/03/2026 14:42:25","14","Information","Microsoft-Windows-Wininit"
"18/03/2026 14:42:25","23","Information","Microsoft-Windows-Wininit"
"18/03/2026 14:42:25","25","Information","Microsoft-Windows-Wininit"
"18/03/2026 14:42:25","24","Information","Microsoft-Windows-Wininit"
"18/03/2026 14:42:25","19","Information","Microsoft-Windows-Wininit"
"18/03/2026 14:42:25","21","Information","Microsoft-Windows-Wininit"
"18/03/2026 14:42:24","98","Information","Microsoft-Windows-Ntfs"
"18/03/2026 14:42:24","98","Information","Microsoft-Windows-Ntfs"
"18/03/2026 14:42:24","219","Avertissement","Microsoft-Windows-Kernel-PnP"
"18/03/2026 14:42:24","10118","Information","Microsoft-Windows-DriverFrameworks-UserMode"
"18/03/2026 14:42:23","18","Information","BTHUSB"
"18/03/2026 14:42:22","21","Information","ADIAmpDriver"
"18/03/2026 14:42:22","219","Avertissement","Microsoft-Windows-Kernel-PnP"
"18/03/2026 14:42:22","10118","Information","Microsoft-Windows-DriverFrameworks-UserMode"
"18/03/2026 14:42:21","219","Avertissement","Microsoft-Windows-Kernel-PnP"
"18/03/2026 14:42:21","10118","Information","Microsoft-Windows-DriverFrameworks-UserMode"
"18/03/2026 14:42:21","28","Information","Intel-SST-OED"
"18/03/2026 14:42:21","28","Information","Intel-SST-OED"
"18/03/2026 14:42:21","28","Information","Intel-SST-OED"
"18/03/2026 14:42:21","28","Information","Intel-SST-OED"
"18/03/2026 14:42:21","4","Information","ADIAmpDriver"
"18/03/2026 14:42:21","26","Information","ADIAmpDriver"
"18/03/2026 14:42:21","7017","Information","Netwtw14"
"18/03/2026 14:42:20","7010","Information","Netwtw14"
"18/03/2026 14:42:20","7002","Information","Netwtw14"
"18/03/2026 14:42:20","7005","Information","Netwtw14"
"18/03/2026 14:42:20","7006","Information","Netwtw14"
"18/03/2026 14:42:20","7027","Information","Netwtw14"
"18/03/2026 14:42:20","7029","Information","Netwtw14"
"18/03/2026 14:42:20","7036","Information","Netwtw14"
"18/03/2026 14:42:20","4096","Information","nipcibrd"
"18/03/2026 14:42:20","4096","Information","nipcibrd"
"18/03/2026 14:42:19","521","Information","Microsoft-Windows-Kernel-Power"
"18/03/2026 14:42:18","521","Information","Microsoft-Windows-Kernel-Power"
"18/03/2026 14:42:18","12","Erreur","VBoxNetLwf"
"18/03/2026 14:42:18","55","Information","Microsoft-Windows-Kernel-Processor-Power"
"18/03/2026 14:42:18","55","Information","Microsoft-Windows-Kernel-Processor-Power"
"18/03/2026 14:42:18","55","Information","Microsoft-Windows-Kernel-Processor-Power"
"18/03/2026 14:42:18","55","Information","Microsoft-Windows-Kernel-Processor-Power"
"18/03/2026 14:42:18","55","Information","Microsoft-Windows-Kernel-Processor-Power"
"18/03/2026 14:42:18","55","Information","Microsoft-Windows-Kernel-Processor-Power"
"18/03/2026 14:42:18","55","Information","Microsoft-Windows-Kernel-Processor-Power"
"18/03/2026 14:42:18","55","Information","Microsoft-Windows-Kernel-Processor-Power"
"18/03/2026 14:42:18","55","Information","Microsoft-Windows-Kernel-Processor-Power"
"18/03/2026 14:42:18","55","Information","Microsoft-Windows-Kernel-Processor-Power"
"18/03/2026 14:42:18","55","Information","Microsoft-Windows-Kernel-Processor-Power"
"18/03/2026 14:42:18","55","Information","Microsoft-Windows-Kernel-Processor-Power"
"18/03/2026 14:42:18","55","Information","Microsoft-Windows-Kernel-Processor-Power"
"18/03/2026 14:42:18","55","Information","Microsoft-Windows-Kernel-Processor-Power"
"18/03/2026 14:42:18","55","Information","Microsoft-Windows-Kernel-Processor-Power"
"18/03/2026 14:42:18","55","Information","Microsoft-Windows-Kernel-Processor-Power"
"18/03/2026 14:42:18","55","Information","Microsoft-Windows-Kernel-Processor-Power"
"18/03/2026 14:42:18","55","Information","Microsoft-Windows-Kernel-Processor-Power"
"18/03/2026 14:42:18","55","Information","Microsoft-Windows-Kernel-Processor-Power"
"18/03/2026 14:42:18","55","Information","Microsoft-Windows-Kernel-Processor-Power"
"18/03/2026 14:42:18","2","Information","MEIx64"
"18/03/2026 14:42:18","55","Information","Microsoft-Windows-Kernel-Processor-Power"
"18/03/2026 14:42:18","55","Information","Microsoft-Windows-Kernel-Processor-Power"
"18/03/2026 14:42:17","219","Avertissement","Microsoft-Windows-Kernel-PnP"
"18/03/2026 14:42:17","10118","Information","Microsoft-Windows-DriverFrameworks-UserMode"
"18/03/2026 14:42:14","24","Information","Microsoft-Windows-Kernel-General"
"18/03/2026 14:42:13","125","Information","Microsoft-Windows-Kernel-Power"
"18/03/2026 14:42:13","125","Information","Microsoft-Windows-Kernel-Power"
"18/03/2026 14:42:13","6","Information","Microsoft-Windows-FilterManager"
"18/03/2026 14:42:13","7036","Information","VfpExt"
"18/03/2026 14:42:13","7036","Information","VfpExt"
"18/03/2026 14:42:12","6","Information","Microsoft-Windows-FilterManager"
"18/03/2026 14:42:12","6","Information","Microsoft-Windows-FilterManager"
"18/03/2026 14:42:12","98","Information","Microsoft-Windows-Ntfs"
"18/03/2026 14:42:11","6","Information","Microsoft-Windows-FilterManager"
"18/03/2026 14:42:11","6","Information","Microsoft-Windows-FilterManager"
"18/03/2026 14:42:11","6","Information","Microsoft-Windows-FilterManager"
"18/03/2026 14:42:11","6","Information","Microsoft-Windows-FilterManager"
"18/03/2026 14:42:11","4096","Information","nipcibrd"
"18/03/2026 14:42:10","16","Information","Microsoft-Windows-HAL"
"18/03/2026 14:42:10","20","Information","Microsoft-Windows-Kernel-General"
"18/03/2026 14:42:10","30","Information","Microsoft-Windows-Kernel-Boot"
"18/03/2026 14:42:10","3","Information","Microsoft-Windows-IsolatedUserMode"
"18/03/2026 14:42:10","165","Information","Microsoft-Windows-Hyper-V-Hypervisor"
"18/03/2026 14:42:10","156","Information","Microsoft-Windows-Hyper-V-Hypervisor"
"18/03/2026 14:42:10","129","Information","Microsoft-Windows-Hyper-V-Hypervisor"
"18/03/2026 14:42:10","2","Information","Microsoft-Windows-Hyper-V-Hypervisor"
"18/03/2026 14:42:10","1","Information","Microsoft-Windows-Hyper-V-Hypervisor"
"18/03/2026 14:42:10","27","Information","Microsoft-Windows-Kernel-Boot"
"18/03/2026 14:42:10","25","Information","Microsoft-Windows-Kernel-Boot"
"18/03/2026 14:42:10","242","Information","Microsoft-Windows-Kernel-Boot"
"18/03/2026 14:42:10","272","Information","Microsoft-Windows-Kernel-Boot"
"18/03/2026 14:42:10","238","Information","Microsoft-Windows-Kernel-Boot"
"18/03/2026 14:42:10","247","Information","Microsoft-Windows-Kernel-Boot"
"18/03/2026 14:42:10","20","Information","Microsoft-Windows-Kernel-Boot"
"18/03/2026 14:42:10","32","Information","Microsoft-Windows-Kernel-Boot"
"18/03/2026 14:42:10","18","Information","Microsoft-Windows-Kernel-Boot"
"18/03/2026 14:42:10","153","Information","Microsoft-Windows-Kernel-Boot"
"18/03/2026 14:42:10","25","Information","Microsoft-Windows-Kernel-General"
"18/03/2026 14:42:10","12","Information","Microsoft-Windows-Kernel-General"
"18/03/2026 14:41:34","13","Information","Microsoft-Windows-Kernel-General"
"18/03/2026 14:41:34","577","Information","Microsoft-Windows-Kernel-Power"
"18/03/2026 14:41:29","109","Information","Microsoft-Windows-Kernel-Power"
"18/03/2026 14:41:28","4001","Information","Microsoft-Windows-WLAN-AutoConfig"
"18/03/2026 14:41:28","10002","Avertissement","Microsoft-Windows-WLAN-AutoConfig"
"18/03/2026 14:41:26","117","Information","Microsoft-Windows-HttpService"
"18/03/2026 14:42:26","6013","Information","EventLog"
"18/03/2026 14:42:26","6005","Information","EventLog"
"18/03/2026 14:42:26","6009","Information","EventLog"
"18/03/2026 14:41:26","114","Information","Microsoft-Windows-HttpService"
"18/03/2026 14:41:24","50037","Information","Microsoft-Windows-Dhcp-Client"
"18/03/2026 14:41:24","50106","Information","Microsoft-Windows-Dhcp-Client"
"18/03/2026 14:41:24","50105","Information","Microsoft-Windows-Dhcp-Client"
"18/03/2026 14:41:24","51057","Information","Microsoft-Windows-DHCPv6-Client"
"18/03/2026 14:41:24","51057","Information","Microsoft-Windows-DHCPv6-Client"
"18/03/2026 14:41:24","51057","Information","Microsoft-Windows-DHCPv6-Client"
"18/03/2026 14:41:24","51047","Information","Microsoft-Windows-DHCPv6-Client"
"18/03/2026 14:41:24","50104","Information","Microsoft-Windows-Dhcp-Client"
"18/03/2026 14:41:24","6006","Information","EventLog"
"18/03/2026 14:41:21","0","Information","Intel Connectivity Network Service"
"18/03/2026 14:41:21","2","Information","Microsoft-Windows-IsolatedUserMode"
"18/03/2026 14:41:20","0","Information","Intel Analytics Service"
"18/03/2026 14:41:20","16","Information","Intel Analytics Service"
"18/03/2026 14:41:20","16","Information","Intel Connectivity Network Service"
"18/03/2026 14:41:20","7002","Information","Microsoft-Windows-Winlogon"
"18/03/2026 14:41:15","100","Avertissement","winsrvext"
"18/03/2026 14:41:15","100","Avertissement","winsrvext"
"18/03/2026 14:41:15","100","Avertissement","winsrvext"
"18/03/2026 14:41:15","100","Avertissement","winsrvext"
"18/03/2026 14:41:15","100","Avertissement","winsrvext"
"18/03/2026 14:41:15","100","Avertissement","winsrvext"
"18/03/2026 14:41:15","100","Avertissement","winsrvext"
"18/03/2026 14:41:15","100","Avertissement","winsrvext"
"18/03/2026 14:41:15","100","Avertissement","winsrvext"
"18/03/2026 14:41:15","100","Avertissement","winsrvext"
"18/03/2026 14:41:13","100","Avertissement","winsrvext"
"18/03/2026 14:41:11","10010","Erreur","Microsoft-Windows-DistributedCOM"
"18/03/2026 14:41:04","1074","Information","User32"
"18/03/2026 14:13:59","7040","Information","Service Control Manager"
"18/03/2026 14:11:53","7040","Information","Service Control Manager"
"18/03/2026 13:53:34","7040","Information","Service Control Manager"
"18/03/2026 13:51:22","7040","Information","Service Control Manager"
"18/03/2026 13:42:53","7045","Information","Service Control Manager"
"18/03/2026 13:42:47","12","Information","Microsoft-Windows-UserModePowerService"
"18/03/2026 13:42:47","12","Information","Microsoft-Windows-UserModePowerService"
"18/03/2026 13:42:46","105","Information","Microsoft-Windows-Kernel-Power"
"18/03/2026 12:56:21","12","Information","Microsoft-Windows-UserModePowerService"
"18/03/2026 12:27:37","16","Information","Microsoft-Windows-Kernel-General"
"18/03/2026 12:00:00","6013","Information","EventLog"
"18/03/2026 11:53:37","19","Information","Microsoft-Windows-WindowsUpdateClient"
"18/03/2026 11:53:25","43","Information","Microsoft-Windows-WindowsUpdateClient"
"18/03/2026 11:53:25","44","Information","Microsoft-Windows-WindowsUpdateClient"
"18/03/2026 11:48:01","1","Information","Microsoft-Windows-Kernel-General"
"18/03/2026 11:48:01","21","Erreur","Microsoft-Windows-HAL"
"18/03/2026 11:48:01","20","Erreur","Microsoft-Windows-HAL"
"18/03/2026 11:48:01","24","Information","Microsoft-Windows-Kernel-General"
"18/03/2026 11:47:59","1808","Information","Microsoft-Windows-TPM-WMI"
"18/03/2026 11:47:11","114","Information","Microsoft-Windows-HttpService"
"18/03/2026 11:47:11","7040","Information","Service Control Manager"
"18/03/2026 11:46:05","4","Information","Virtual Disk Service"
"18/03/2026 11:46:04","3","Information","Virtual Disk Service"
"18/03/2026 11:45:06","10016","Avertissement","Microsoft-Windows-DistributedCOM"
"18/03/2026 11:45:04","0","Information","Intel Connectivity Network Service"
"18/03/2026 11:45:04","16","Information","Intel Connectivity Network Service"
"18/03/2026 11:45:04","0","Information","Intel Analytics Service"
"18/03/2026 11:45:04","16","Information","Intel Analytics Service"
"18/03/2026 11:44:59","113","Information","Microsoft-Windows-HttpService"
"18/03/2026 11:44:59","114","Information","Microsoft-Windows-HttpService"
"18/03/2026 11:44:55","113","Information","Microsoft-Windows-HttpService"
"18/03/2026 11:44:50","7040","Information","Service Control Manager"
"18/03/2026 11:44:43","1","Information","Microsoft-Windows-Kernel-General"
"18/03/2026 11:44:43","21","Erreur","Microsoft-Windows-HAL"
"18/03/2026 11:44:43","20","Erreur","Microsoft-Windows-HAL"
"18/03/2026 11:44:43","24","Information","Microsoft-Windows-Kernel-General"
"18/03/2026 11:44:16","10016","Avertissement","Microsoft-Windows-DistributedCOM"
"18/03/2026 11:44:00","37","Avertissement","Microsoft-Windows-Kernel-Processor-Power"
"18/03/2026 11:44:00","37","Avertissement","Microsoft-Windows-Kernel-Processor-Power"
"18/03/2026 11:44:00","37","Avertissement","Microsoft-Windows-Kernel-Processor-Power"
"18/03/2026 11:44:00","37","Avertissement","Microsoft-Windows-Kernel-Processor-Power"
"18/03/2026 11:44:00","37","Avertissement","Microsoft-Windows-Kernel-Processor-Power"
"18/03/2026 11:44:00","37","Avertissement","Microsoft-Windows-Kernel-Processor-Power"
"18/03/2026 11:44:00","37","Avertissement","Microsoft-Windows-Kernel-Processor-Power"
"18/03/2026 11:44:00","37","Avertissement","Microsoft-Windows-Kernel-Processor-Power"
"18/03/2026 11:44:00","37","Avertissement","Microsoft-Windows-Kernel-Processor-Power"
"18/03/2026 11:44:00","37","Avertissement","Microsoft-Windows-Kernel-Processor-Power"
"18/03/2026 11:43:40","6062","Avertissement","Netwtw14"
"18/03/2026 11:43:39","7021","Information","Netwtw14"
"18/03/2026 11:43:39","7045","Information","Service Control Manager"
"18/03/2026 11:43:33","10001","Information","Microsoft-Windows-WLAN-AutoConfig"
"18/03/2026 11:43:32","172","Information","Microsoft-Windows-Kernel-Power"
"18/03/2026 11:43:32","7017","Information","Netwtw14"
"18/03/2026 11:43:32","7010","Information","Netwtw14"
"18/03/2026 11:43:32","7002","Information","Netwtw14"
"18/03/2026 11:43:32","7005","Information","Netwtw14"
"18/03/2026 11:43:32","7006","Information","Netwtw14"
"18/03/2026 11:43:32","7027","Information","Netwtw14"
"18/03/2026 11:43:32","7029","Information","Netwtw14"
"18/03/2026 11:43:32","7036","Information","Netwtw14"
"18/03/2026 11:43:31","10002","Avertissement","Microsoft-Windows-WLAN-AutoConfig"
"18/03/2026 11:43:31","8000","Information","Netwtw14"
"18/03/2026 11:43:31","172","Information","Microsoft-Windows-Kernel-Power"
"18/03/2026 11:43:30","7021","Information","Netwtw14"
"18/03/2026 11:43:24","10001","Information","Microsoft-Windows-WLAN-AutoConfig"
"18/03/2026 11:43:24","172","Information","Microsoft-Windows-Kernel-Power"
"18/03/2026 11:43:24","7017","Information","Netwtw14"
"18/03/2026 11:43:23","7010","Information","Netwtw14"
"18/03/2026 11:43:23","7002","Information","Netwtw14"
"18/03/2026 11:43:23","7005","Information","Netwtw14"
"18/03/2026 11:43:23","7006","Information","Netwtw14"
"18/03/2026 11:43:23","16","Information","Microsoft-Windows-Kernel-General"
"18/03/2026 11:43:23","16","Information","Microsoft-Windows-Kernel-General"
"18/03/2026 11:43:22","7027","Information","Netwtw14"
"18/03/2026 11:43:22","7029","Information","Netwtw14"
"18/03/2026 11:43:22","7036","Information","Netwtw14"
"18/03/2026 11:43:22","16","Information","Microsoft-Windows-Kernel-General"
"18/03/2026 11:43:21","10002","Avertissement","Microsoft-Windows-WLAN-AutoConfig"
"18/03/2026 11:43:21","8000","Information","Netwtw14"
"18/03/2026 11:43:21","172","Information","Microsoft-Windows-Kernel-Power"
"18/03/2026 11:43:20","7021","Information","Netwtw14"
"18/03/2026 11:43:17","1046","Information","Microsoft-Windows-TPM-WMI"
"18/03/2026 11:43:14","113","Information","Microsoft-Windows-HttpService"
"18/03/2026 11:43:14","111","Information","Microsoft-Windows-HttpService"
"18/03/2026 11:43:14","7045","Information","Service Control Manager"
"18/03/2026 11:43:14","10001","Information","Microsoft-Windows-WLAN-AutoConfig"
"18/03/2026 11:43:13","172","Information","Microsoft-Windows-Kernel-Power"
"18/03/2026 11:43:13","7017","Information","Netwtw14"
"18/03/2026 11:43:13","7010","Information","Netwtw14"
"18/03/2026 11:43:13","7002","Information","Netwtw14"
"18/03/2026 11:43:13","7005","Information","Netwtw14"
"18/03/2026 11:43:13","7006","Information","Netwtw14"
"18/03/2026 11:43:13","12","Information","Microsoft-Windows-UserModePowerService"
"18/03/2026 11:43:13","7027","Information","Netwtw14"
"18/03/2026 11:43:13","7029","Information","Netwtw14"
"18/03/2026 11:43:13","7036","Information","Netwtw14"
"18/03/2026 11:43:12","12","Erreur","VBoxNetLwf"
"18/03/2026 11:43:12","521","Information","Microsoft-Windows-Kernel-Power"
"18/03/2026 11:43:12","105","Information","Microsoft-Windows-Kernel-Power"
"18/03/2026 11:43:12","521","Information","Microsoft-Windows-Kernel-Power"
"18/03/2026 11:43:12","10002","Avertissement","Microsoft-Windows-WLAN-AutoConfig"
"18/03/2026 11:43:12","8000","Information","Netwtw14"
"18/03/2026 11:43:12","172","Information","Microsoft-Windows-Kernel-Power"
"18/03/2026 11:43:12","1046","Information","Microsoft-Windows-TPM-WMI"
"18/03/2026 11:43:11","7021","Information","Netwtw14"
"18/03/2026 11:43:10","5","Information","ADIAmpDriver"
"18/03/2026 11:43:07","1025","Information","Microsoft-Windows-TPM-WMI"
"18/03/2026 11:43:08","18","Information","ErlSrv"
"18/03/2026 11:43:07","7021","Information","Netwtw14"
"18/03/2026 11:43:06","12","Information","Microsoft-Windows-UserModePowerService"
"18/03/2026 11:43:06","12","Information","Microsoft-Windows-UserModePowerService"
"18/03/2026 11:43:05","17","Information","ADIAmpDriver"
"18/03/2026 11:43:05","19","Information","ADIAmpDriver"
"18/03/2026 11:43:05","1282","Information","Microsoft-Windows-TPM-WMI"
"18/03/2026 11:43:04","12","Information","Microsoft-Windows-UserModePowerService"
"18/03/2026 11:43:04","12","Erreur","VBoxNetLwf"
"18/03/2026 11:43:03","18","Information","TPM"
"18/03/2026 11:43:03","12","Information","Microsoft-Windows-UserModePowerService"
"18/03/2026 11:43:03","1","Information","Microsoft-Windows-Configuration-Change-Monitor"
"18/03/2026 11:43:03","1","Information","Microsoft-Windows-Configuration-Change-Monitor"
"18/03/2026 11:43:02","1","Information","Microsoft-Windows-Configuration-Change-Monitor"
"18/03/2026 11:43:02","12","Information","Microsoft-Windows-UserModePowerService"
"18/03/2026 11:43:01","10016","Avertissement","Microsoft-Windows-DistributedCOM"
"18/03/2026 11:43:01","10016","Avertissement","Microsoft-Windows-DistributedCOM"
"18/03/2026 11:43:01","10001","Information","Microsoft-Windows-WLAN-AutoConfig"
"18/03/2026 11:43:00","4000","Information","Microsoft-Windows-WLAN-AutoConfig"
"18/03/2026 11:42:59","9","Information","ADIAmpDriver"
"18/03/2026 11:42:59","4","Information","ADIAmpDriver"
"18/03/2026 11:42:59","7","Information","ADIAmpDriver"
"18/03/2026 11:42:59","12","Information","Microsoft-Windows-UserModePowerService"
"18/03/2026 11:42:58","12","Information","Microsoft-Windows-UserModePowerService"
"18/03/2026 11:42:58","7009","Erreur","Service Control Manager"
"18/03/2026 11:42:58","1","Information","Microsoft-Windows-IsolatedUserMode"
"18/03/2026 11:42:58","5","Information","Microsoft-Windows-IsolatedUserMode"
"18/03/2026 11:42:57","112","Information","Microsoft-Windows-HttpService"
"18/03/2026 11:42:57","112","Information","Microsoft-Windows-HttpService"
"18/03/2026 11:42:57","112","Information","Microsoft-Windows-HttpService"
"18/03/2026 11:42:57","112","Information","Microsoft-Windows-HttpService"
"18/03/2026 11:42:57","112","Information","Microsoft-Windows-HttpService"
"18/03/2026 11:42:57","112","Information","Microsoft-Windows-HttpService"
"18/03/2026 11:42:57","112","Information","Microsoft-Windows-HttpService"
"18/03/2026 11:42:57","112","Information","Microsoft-Windows-HttpService"
"18/03/2026 11:42:57","112","Information","Microsoft-Windows-HttpService"
"18/03/2026 11:42:57","112","Information","Microsoft-Windows-HttpService"
"18/03/2026 11:42:57","112","Information","Microsoft-Windows-HttpService"
"18/03/2026 11:42:57","112","Information","Microsoft-Windows-HttpService"
"18/03/2026 11:42:57","112","Information","Microsoft-Windows-HttpService"
"18/03/2026 11:42:57","1038","Information","Microsoft-Windows-TPM-WMI"
"18/03/2026 11:42:57","1041","Information","Microsoft-Windows-TPM-WMI"
"18/03/2026 11:42:57","277","Information","Microsoft-Windows-Hyper-V-VmSwitch"
"18/03/2026 11:42:57","267","Information","Win32k"
"18/03/2026 11:42:57","267","Information","Win32k"
"18/03/2026 11:42:57","7001","Information","Microsoft-Windows-Winlogon"
"18/03/2026 11:42:57","6","Information","Microsoft-Windows-FilterManager"
"18/03/2026 11:42:57","6","Information","Microsoft-Windows-FilterManager"
"18/03/2026 11:42:57","6","Information","Microsoft-Windows-FilterManager"
"18/03/2026 11:42:57","6","Information","Microsoft-Windows-FilterManager"
"18/03/2026 11:42:57","1","Information","Microsoft-Windows-FilterManager"
"18/03/2026 11:42:57","6","Information","Microsoft-Windows-FilterManager"
"18/03/2026 11:42:57","6","Information","Microsoft-Windows-FilterManager"
"18/03/2026 11:42:57","6","Information","Microsoft-Windows-FilterManager"
"18/03/2026 11:42:57","6","Information","Microsoft-Windows-FilterManager"
"18/03/2026 11:42:57","5","Information","ADIAmpDriver"
"18/03/2026 11:42:57","51046","Information","Microsoft-Windows-DHCPv6-Client"
"18/03/2026 11:42:57","50036","Information","Microsoft-Windows-Dhcp-Client"
"18/03/2026 11:42:57","50103","Information","Microsoft-Windows-Dhcp-Client"
"18/03/2026 11:42:57","50036","Information","Microsoft-Windows-Dhcp-Client"
"18/03/2026 11:42:56","16983","Information","Microsoft-Windows-Directory-Services-SAM"
"18/03/2026 11:42:56","16977","Information","Microsoft-Windows-Directory-Services-SAM"
"18/03/2026 11:42:56","16962","Information","Microsoft-Windows-Directory-Services-SAM"
"18/03/2026 11:42:56","5","Information","Microsoft-Windows-IsolatedUserMode"
"18/03/2026 11:42:56","6156","Information","LsaSrv"
"18/03/2026 11:42:56","12","Information","Microsoft-Windows-Wininit"
"18/03/2026 11:42:56","18","Information","Microsoft-Windows-Wininit"
"18/03/2026 11:42:56","1","Information","Microsoft-Windows-IsolatedUserMode"
"18/03/2026 11:42:56","5","Information","Microsoft-Windows-IsolatedUserMode"
"18/03/2026 11:42:56","14","Information","Microsoft-Windows-Wininit"
"18/03/2026 11:42:56","23","Information","Microsoft-Windows-Wininit"
"18/03/2026 11:42:56","25","Information","Microsoft-Windows-Wininit"
"18/03/2026 11:42:56","24","Information","Microsoft-Windows-Wininit"
"18/03/2026 11:42:56","19","Information","Microsoft-Windows-Wininit"
"18/03/2026 11:42:56","21","Information","Microsoft-Windows-Wininit"
"18/03/2026 11:42:55","98","Information","Microsoft-Windows-Ntfs"
"18/03/2026 11:42:55","98","Information","Microsoft-Windows-Ntfs"
"18/03/2026 11:42:55","219","Avertissement","Microsoft-Windows-Kernel-PnP"
"18/03/2026 11:42:55","10118","Information","Microsoft-Windows-DriverFrameworks-UserMode"
"18/03/2026 11:42:54","18","Information","BTHUSB"
"18/03/2026 11:42:53","21","Information","ADIAmpDriver"
"18/03/2026 11:42:53","219","Avertissement","Microsoft-Windows-Kernel-PnP"
"18/03/2026 11:42:53","10118","Information","Microsoft-Windows-DriverFrameworks-UserMode"
"18/03/2026 11:42:52","219","Avertissement","Microsoft-Windows-Kernel-PnP"
"18/03/2026 11:42:52","10118","Information","Microsoft-Windows-DriverFrameworks-UserMode"
"18/03/2026 11:42:52","28","Information","Intel-SST-OED"
"18/03/2026 11:42:52","28","Information","Intel-SST-OED"
"18/03/2026 11:42:52","28","Information","Intel-SST-OED"
"18/03/2026 11:42:52","28","Information","Intel-SST-OED"
"18/03/2026 11:42:52","4","Information","ADIAmpDriver"
"18/03/2026 11:42:52","26","Information","ADIAmpDriver"
"18/03/2026 11:42:52","7017","Information","Netwtw14"
"18/03/2026 11:42:51","7010","Information","Netwtw14"
"18/03/2026 11:42:51","7002","Information","Netwtw14"
"18/03/2026 11:42:51","7005","Information","Netwtw14"
"18/03/2026 11:42:51","7006","Information","Netwtw14"
"18/03/2026 11:42:51","7027","Information","Netwtw14"
"18/03/2026 11:42:51","7029","Information","Netwtw14"
"18/03/2026 11:42:51","7036","Information","Netwtw14"
"18/03/2026 11:42:51","4096","Information","nipcibrd"
"18/03/2026 11:42:51","4096","Information","nipcibrd"
"18/03/2026 11:42:49","12","Erreur","VBoxNetLwf"
"18/03/2026 11:42:49","55","Information","Microsoft-Windows-Kernel-Processor-Power"
"18/03/2026 11:42:49","55","Information","Microsoft-Windows-Kernel-Processor-Power"
"18/03/2026 11:42:49","55","Information","Microsoft-Windows-Kernel-Processor-Power"
"18/03/2026 11:42:49","55","Information","Microsoft-Windows-Kernel-Processor-Power"
"18/03/2026 11:42:49","55","Information","Microsoft-Windows-Kernel-Processor-Power"
"18/03/2026 11:42:49","55","Information","Microsoft-Windows-Kernel-Processor-Power"
"18/03/2026 11:42:49","55","Information","Microsoft-Windows-Kernel-Processor-Power"
"18/03/2026 11:42:49","55","Information","Microsoft-Windows-Kernel-Processor-Power"
"18/03/2026 11:42:49","55","Information","Microsoft-Windows-Kernel-Processor-Power"
"18/03/2026 11:42:49","55","Information","Microsoft-Windows-Kernel-Processor-Power"
"18/03/2026 11:42:49","55","Information","Microsoft-Windows-Kernel-Processor-Power"
"18/03/2026 11:42:49","55","Information","Microsoft-Windows-Kernel-Processor-Power"
"18/03/2026 11:42:49","55","Information","Microsoft-Windows-Kernel-Processor-Power"
"18/03/2026 11:42:49","55","Information","Microsoft-Windows-Kernel-Processor-Power"
"18/03/2026 11:42:49","2","Information","MEIx64"
"18/03/2026 11:42:49","55","Information","Microsoft-Windows-Kernel-Processor-Power"
"18/03/2026 11:42:49","55","Information","Microsoft-Windows-Kernel-Processor-Power"
"18/03/2026 11:42:49","55","Information","Microsoft-Windows-Kernel-Processor-Power"
"18/03/2026 11:42:49","55","Information","Microsoft-Windows-Kernel-Processor-Power"
"18/03/2026 11:42:49","55","Information","Microsoft-Windows-Kernel-Processor-Power"
"18/03/2026 11:42:49","55","Information","Microsoft-Windows-Kernel-Processor-Power"
"18/03/2026 11:42:49","55","Information","Microsoft-Windows-Kernel-Processor-Power"
"18/03/2026 11:42:49","55","Information","Microsoft-Windows-Kernel-Processor-Power"
"18/03/2026 11:42:48","219","Avertissement","Microsoft-Windows-Kernel-PnP"
"18/03/2026 11:42:48","10118","Information","Microsoft-Windows-DriverFrameworks-UserMode"
"18/03/2026 11:42:48","24","Information","Microsoft-Windows-Kernel-General"
"18/03/2026 11:42:46","125","Information","Microsoft-Windows-Kernel-Power"
"18/03/2026 11:42:46","125","Information","Microsoft-Windows-Kernel-Power"
"18/03/2026 11:42:46","6","Information","Microsoft-Windows-FilterManager"
"18/03/2026 11:42:46","7036","Information","VfpExt"
"18/03/2026 11:42:46","7036","Information","VfpExt"
"18/03/2026 11:42:46","6","Information","Microsoft-Windows-FilterManager"
"18/03/2026 11:42:46","6","Information","Microsoft-Windows-FilterManager"
"18/03/2026 11:42:46","98","Information","Microsoft-Windows-Ntfs"
"18/03/2026 11:42:44","6","Information","Microsoft-Windows-FilterManager"
"18/03/2026 11:42:44","6","Information","Microsoft-Windows-FilterManager"
"18/03/2026 11:42:44","6","Information","Microsoft-Windows-FilterManager"
"18/03/2026 11:42:44","6","Information","Microsoft-Windows-FilterManager"
"18/03/2026 11:42:44","4096","Information","nipcibrd"
"18/03/2026 11:42:43","16","Information","Microsoft-Windows-HAL"
"18/03/2026 11:42:43","20","Information","Microsoft-Windows-Kernel-General"
"18/03/2026 11:42:43","30","Information","Microsoft-Windows-Kernel-Boot"
"18/03/2026 11:42:43","3","Information","Microsoft-Windows-IsolatedUserMode"
"18/03/2026 11:42:43","165","Information","Microsoft-Windows-Hyper-V-Hypervisor"
"18/03/2026 11:42:43","156","Information","Microsoft-Windows-Hyper-V-Hypervisor"
"18/03/2026 11:42:43","129","Information","Microsoft-Windows-Hyper-V-Hypervisor"
"18/03/2026 11:42:43","2","Information","Microsoft-Windows-Hyper-V-Hypervisor"
"18/03/2026 11:42:43","1","Information","Microsoft-Windows-Hyper-V-Hypervisor"
"18/03/2026 11:42:43","27","Information","Microsoft-Windows-Kernel-Boot"
"18/03/2026 11:42:43","25","Information","Microsoft-Windows-Kernel-Boot"
"18/03/2026 11:42:43","242","Information","Microsoft-Windows-Kernel-Boot"
"18/03/2026 11:42:43","272","Information","Microsoft-Windows-Kernel-Boot"
"18/03/2026 11:42:43","238","Information","Microsoft-Windows-Kernel-Boot"
"18/03/2026 11:42:43","247","Information","Microsoft-Windows-Kernel-Boot"
"18/03/2026 11:42:43","20","Information","Microsoft-Windows-Kernel-Boot"
"18/03/2026 11:42:43","32","Information","Microsoft-Windows-Kernel-Boot"
"18/03/2026 11:42:43","18","Information","Microsoft-Windows-Kernel-Boot"
"18/03/2026 11:42:43","153","Information","Microsoft-Windows-Kernel-Boot"
"18/03/2026 11:42:43","25","Information","Microsoft-Windows-Kernel-General"
"18/03/2026 11:42:43","12","Information","Microsoft-Windows-Kernel-General"
"18/03/2026 11:42:25","13","Information","Microsoft-Windows-Kernel-General"
"18/03/2026 11:42:25","577","Information","Microsoft-Windows-Kernel-Power"
"18/03/2026 11:42:22","109","Information","Microsoft-Windows-Kernel-Power"
"18/03/2026 11:42:19","4001","Information","Microsoft-Windows-WLAN-AutoConfig"
"18/03/2026 11:42:19","10002","Avertissement","Microsoft-Windows-WLAN-AutoConfig"
"18/03/2026 11:42:19","117","Information","Microsoft-Windows-HttpService"
"18/03/2026 11:42:19","114","Information","Microsoft-Windows-HttpService"
"18/03/2026 11:42:57","6013","Information","EventLog"
"18/03/2026 11:42:57","6005","Information","EventLog"
"18/03/2026 11:42:57","6009","Information","EventLog"
"18/03/2026 11:42:17","50037","Information","Microsoft-Windows-Dhcp-Client"
"18/03/2026 11:42:17","50106","Information","Microsoft-Windows-Dhcp-Client"
"18/03/2026 11:42:17","51057","Information","Microsoft-Windows-DHCPv6-Client"
"18/03/2026 11:42:17","51057","Information","Microsoft-Windows-DHCPv6-Client"
"18/03/2026 11:42:17","51047","Information","Microsoft-Windows-DHCPv6-Client"
"18/03/2026 11:42:17","50105","Information","Microsoft-Windows-Dhcp-Client"
"18/03/2026 11:42:17","50104","Information","Microsoft-Windows-Dhcp-Client"
"18/03/2026 11:42:17","6006","Information","EventLog"
"18/03/2026 11:42:15","0","Information","Intel Connectivity Network Service"
"18/03/2026 11:42:14","2","Information","Microsoft-Windows-IsolatedUserMode"
"18/03/2026 11:42:14","0","Information","Intel Analytics Service"
"18/03/2026 11:42:14","16","Information","Intel Connectivity Network Service"
"18/03/2026 11:42:14","16","Information","Intel Analytics Service"
"18/03/2026 11:42:14","7002","Information","Microsoft-Windows-Winlogon"
"18/03/2026 11:42:10","2","Information","Microsoft-Windows-IsolatedUserMode"
"18/03/2026 11:42:10","10010","Erreur","Microsoft-Windows-DistributedCOM"
"18/03/2026 11:42:10","1074","Information","User32"
"18/03/2026 11:40:58","16","Information","Microsoft-Windows-Kernel-General"
"18/03/2026 11:40:27","387",,"IntcOED"
"18/03/2026 11:20:24","15","Information","Microsoft-Windows-Kernel-General"
"18/03/2026 10:22:49","19","Information","Microsoft-Windows-WindowsUpdateClient"
"18/03/2026 10:22:34","43","Information","Microsoft-Windows-WindowsUpdateClient"
"18/03/2026 10:22:34","44","Information","Microsoft-Windows-WindowsUpdateClient"
"18/03/2026 07:58:34","114","Information","Microsoft-Windows-HttpService"
"18/03/2026 07:58:34","7040","Information","Service Control Manager"
"18/03/2026 07:57:07","1","Information","Microsoft-Windows-Kernel-General"
"18/03/2026 07:57:07","21","Erreur","Microsoft-Windows-HAL"
"18/03/2026 07:57:07","20","Erreur","Microsoft-Windows-HAL"
"18/03/2026 07:57:07","24","Information","Microsoft-Windows-Kernel-General"
"18/03/2026 07:56:21","113","Information","Microsoft-Windows-HttpService"
"18/03/2026 07:56:21","114","Information","Microsoft-Windows-HttpService"
"18/03/2026 07:56:20","113","Information","Microsoft-Windows-HttpService"
"18/03/2026 07:56:20","114","Information","Microsoft-Windows-HttpService"
"18/03/2026 07:56:14","113","Information","Microsoft-Windows-HttpService"
"18/03/2026 07:56:14","114","Information","Microsoft-Windows-HttpService"
"18/03/2026 07:56:14","113","Information","Microsoft-Windows-HttpService"
"18/03/2026 07:56:05","12","Information","Microsoft-Windows-UserModePowerService"
"18/03/2026 07:56:04","12","Information","Microsoft-Windows-UserModePowerService"
"18/03/2026 07:56:04","6062","Avertissement","Netwtw14"
"18/03/2026 07:56:02","12","Information","Microsoft-Windows-UserModePowerService"
"18/03/2026 07:56:02","12","Information","Microsoft-Windows-UserModePowerService"
"18/03/2026 07:56:01","12","Information","Microsoft-Windows-UserModePowerService"
"18/03/2026 07:56:00","7021","Information","Netwtw14"
"18/03/2026 07:55:59","566","Information","Microsoft-Windows-Kernel-Power"
"18/03/2026 07:55:59","507","Information","Microsoft-Windows-Kernel-Power"
"18/03/2026 07:55:58","18","Information","BTHUSB"
"18/03/2026 07:55:58","172","Information","Microsoft-Windows-Kernel-Power"
"18/03/2026 07:55:58","701","Avertissement","Win32k"
"18/03/2026 07:55:58","701","Avertissement","Win32k"
"18/03/2026 04:32:04","10010","Erreur","Microsoft-Windows-DistributedCOM"
"18/03/2026 04:29:59","10010","Erreur","Microsoft-Windows-DistributedCOM"
"18/03/2026 04:27:59","18","Information","BTHUSB"
"18/03/2026 04:27:59","172","Information","Microsoft-Windows-Kernel-Power"
"18/03/2026 04:27:52","114","Information","Microsoft-Windows-HttpService"
"18/03/2026 04:27:52","566","Information","Microsoft-Windows-Kernel-Power"
"18/03/2026 04:27:51","12","Information","Microsoft-Windows-UserModePowerService"
"18/03/2026 04:27:50","113","Information","Microsoft-Windows-HttpService"
"18/03/2026 04:27:50","114","Information","Microsoft-Windows-HttpService"
"18/03/2026 04:27:50","113","Information","Microsoft-Windows-HttpService"
"18/03/2026 04:27:46","506","Information","Microsoft-Windows-Kernel-Power"
"18/03/2026 04:27:46","566","Information","Microsoft-Windows-Kernel-Power"
"18/03/2026 04:27:46","507","Information","Microsoft-Windows-Kernel-Power"
"18/03/2026 04:17:13","566","Information","Microsoft-Windows-Kernel-Power"
"18/03/2026 04:17:12","12","Information","Microsoft-Windows-UserModePowerService"
"18/03/2026 04:17:08","7040","Information","Service Control Manager"
"18/03/2026 04:17:08","12","Information","Microsoft-Windows-UserModePowerService"
"18/03/2026 04:17:06","506","Information","Microsoft-Windows-Kernel-Power"
"18/03/2026 04:17:06","566","Information","Microsoft-Windows-Kernel-Power"
"18/03/2026 04:17:06","507","Information","Microsoft-Windows-Kernel-Power"
"18/03/2026 04:17:06","105","Information","Microsoft-Windows-Kernel-Power"
"18/03/2026 04:05:35","10010","Erreur","Microsoft-Windows-DistributedCOM"
"18/03/2026 04:02:52","10010","Erreur","Microsoft-Windows-DistributedCOM"
"18/03/2026 03:58:27","10010","Erreur","Microsoft-Windows-DistributedCOM"
"18/03/2026 03:20:25","566","Information","Microsoft-Windows-Kernel-Power"
"18/03/2026 03:20:14","12","Information","Microsoft-Windows-UserModePowerService"
"18/03/2026 03:19:33","506","Information","Microsoft-Windows-Kernel-Power"
"18/03/2026 03:19:33","566","Information","Microsoft-Windows-Kernel-Power"
"18/03/2026 03:19:33","507","Information","Microsoft-Windows-Kernel-Power"
"18/03/2026 02:38:44","7000","Erreur","Service Control Manager"
"18/03/2026 02:38:44","7009","Erreur","Service Control Manager"
"18/03/2026 01:51:36","12","Information","Microsoft-Windows-UserModePowerService"
"18/03/2026 01:51:29","566","Information","Microsoft-Windows-Kernel-Power"
"18/03/2026 01:49:32","7040","Information","Service Control Manager"
"18/03/2026 01:47:10","7040","Information","Service Control Manager"
"18/03/2026 01:47:08","506","Information","Microsoft-Windows-Kernel-Power"
"18/03/2026 01:47:08","566","Information","Microsoft-Windows-Kernel-Power"
"18/03/2026 01:47:08","507","Information","Microsoft-Windows-Kernel-Power"
"18/03/2026 01:32:49","7000","Erreur","Service Control Manager"
"18/03/2026 01:32:49","7009","Erreur","Service Control Manager"
"18/03/2026 00:45:48","12","Information","Microsoft-Windows-UserModePowerService"
"18/03/2026 00:45:40","566","Information","Microsoft-Windows-Kernel-Power"
"18/03/2026 00:40:39","12","Information","Microsoft-Windows-UserModePowerService"
"18/03/2026 00:40:39","506","Information","Microsoft-Windows-Kernel-Power"
"18/03/2026 00:40:39","566","Information","Microsoft-Windows-Kernel-Power"
"18/03/2026 00:40:39","507","Information","Microsoft-Windows-Kernel-Power"
"18/03/2026 00:40:39","566","Information","Microsoft-Windows-Kernel-Power"
"18/03/2026 00:36:37","11","Information","Microsoft-Windows-Kernel-General"
"18/03/2026 00:36:35","11","Information","Microsoft-Windows-Kernel-General"
"18/03/2026 00:36:35","11","Information","Microsoft-Windows-Kernel-General"
"18/03/2026 00:36:32","98","Information","Microsoft-Windows-Ntfs"
"18/03/2026 00:35:36","506","Information","Microsoft-Windows-Kernel-Power"
"18/03/2026 00:35:36","566","Information","Microsoft-Windows-Kernel-Power"
"18/03/2026 00:35:36","507","Information","Microsoft-Windows-Kernel-Power"
"18/03/2026 00:35:36","566","Information","Microsoft-Windows-Kernel-Power"
"18/03/2026 00:35:36","12","Information","Microsoft-Windows-UserModePowerService"
"18/03/2026 00:31:28","1","Information","Microsoft-Windows-Kernel-General"
"18/03/2026 00:31:28","21","Erreur","Microsoft-Windows-HAL"
"18/03/2026 00:31:28","20","Erreur","Microsoft-Windows-HAL"
"18/03/2026 00:31:28","24","Information","Microsoft-Windows-Kernel-General"
"18/03/2026 00:31:28","35","Information","Microsoft-Windows-Time-Service"
"18/03/2026 00:31:28","37","Information","Microsoft-Windows-Time-Service"
"18/03/2026 00:17:16","36","Erreur","Volsnap"
"18/03/2026 00:08:49","506","Information","Microsoft-Windows-Kernel-Power"
"18/03/2026 00:08:49","566","Information","Microsoft-Windows-Kernel-Power"
"18/03/2026 00:08:49","507","Information","Microsoft-Windows-Kernel-Power"
"17/03/2026 23:32:48","7000","Erreur","Service Control Manager"
"17/03/2026 23:32:48","7009","Erreur","Service Control Manager"
"17/03/2026 23:07:18","12","Information","Microsoft-Windows-UserModePowerService"
"17/03/2026 23:07:18","566","Information","Microsoft-Windows-Kernel-Power"
"17/03/2026 23:07:17","12","Information","Microsoft-Windows-UserModePowerService"
"17/03/2026 23:07:17","506","Information","Microsoft-Windows-Kernel-Power"
"17/03/2026 23:07:17","566","Information","Microsoft-Windows-Kernel-Power"
"17/03/2026 23:07:17","700","Avertissement","Win32k"
"17/03/2026 23:07:17","700","Avertissement","Win32k"
"17/03/2026 22:45:46","7040","Information","Service Control Manager"
"17/03/2026 22:43:41","7040","Information","Service Control Manager"
"17/03/2026 22:35:36","114","Information","Microsoft-Windows-HttpService"
"17/03/2026 22:35:36","7040","Information","Service Control Manager"
"17/03/2026 22:33:21","113","Information","Microsoft-Windows-HttpService"
"17/03/2026 22:33:21","114","Information","Microsoft-Windows-HttpService"
"17/03/2026 22:33:17","113","Information","Microsoft-Windows-HttpService"
"17/03/2026 22:33:12","7040","Information","Service Control Manager"
"17/03/2026 22:05:08","19","Information","Microsoft-Windows-WindowsUpdateClient"
"17/03/2026 22:05:00","43","Information","Microsoft-Windows-WindowsUpdateClient"
"17/03/2026 22:05:00","44","Information","Microsoft-Windows-WindowsUpdateClient"
"17/03/2026 21:22:40","10016","Avertissement","Microsoft-Windows-DistributedCOM"
"17/03/2026 21:22:30","5","Information","Microsoft-Windows-IsolatedUserMode"
"17/03/2026 21:22:30","2","Information","Microsoft-Windows-IsolatedUserMode"
"17/03/2026 21:16:41","16","Information","Microsoft-Windows-Kernel-General"
"17/03/2026 21:13:41","12","Information","Microsoft-Windows-UserModePowerService"
"17/03/2026 21:13:40","12","Information","Microsoft-Windows-UserModePowerService"
"17/03/2026 21:13:40","105","Information","Microsoft-Windows-Kernel-Power"
"17/03/2026 21:01:40","10016","Avertissement","Microsoft-Windows-DistributedCOM"
"17/03/2026 21:01:30","5","Information","Microsoft-Windows-IsolatedUserMode"
"17/03/2026 21:01:30","2","Information","Microsoft-Windows-IsolatedUserMode"
"17/03/2026 20:54:33","10016","Avertissement","Microsoft-Windows-DistributedCOM"
"17/03/2026 20:15:50","10016","Avertissement","Microsoft-Windows-DistributedCOM"
"17/03/2026 20:15:35","5","Information","Microsoft-Windows-IsolatedUserMode"
"17/03/2026 20:15:34","2","Information","Microsoft-Windows-IsolatedUserMode"
"17/03/2026 20:13:17","12","Information","Microsoft-Windows-UserModePowerService"
"17/03/2026 19:47:19","10016","Avertissement","Microsoft-Windows-DistributedCOM"
"17/03/2026 19:46:43","5","Information","Microsoft-Windows-IsolatedUserMode"
"17/03/2026 19:46:43","2","Information","Microsoft-Windows-IsolatedUserMode"
"17/03/2026 19:06:25","7040","Information","Service Control Manager"
"17/03/2026 19:04:20","7040","Information","Service Control Manager"
"17/03/2026 18:52:31","10016","Avertissement","Microsoft-Windows-DistributedCOM"
"17/03/2026 18:52:24","5","Information","Microsoft-Windows-IsolatedUserMode"
"17/03/2026 18:28:31","12","Information","Microsoft-Windows-UserModePowerService"
"17/03/2026 18:28:31","105","Information","Microsoft-Windows-Kernel-Power"
"17/03/2026 17:55:05","12","Information","Microsoft-Windows-UserModePowerService"
"17/03/2026 17:55:04","12","Information","Microsoft-Windows-UserModePowerService"
"17/03/2026 17:55:04","105","Information","Microsoft-Windows-Kernel-Power"
"17/03/2026 17:54:45","12","Information","Microsoft-Windows-UserModePowerService"
"17/03/2026 17:35:46","114","Information","Microsoft-Windows-HttpService"
"17/03/2026 17:35:46","7040","Information","Service Control Manager"
"17/03/2026 17:33:42","113","Information","Microsoft-Windows-HttpService"
"17/03/2026 17:33:42","114","Information","Microsoft-Windows-HttpService"
"17/03/2026 17:33:42","113","Information","Microsoft-Windows-HttpService"
"17/03/2026 17:33:42","114","Information","Microsoft-Windows-HttpService"
"17/03/2026 17:33:37","113","Information","Microsoft-Windows-HttpService"
"17/03/2026 17:33:37","114","Information","Microsoft-Windows-HttpService"
"17/03/2026 17:33:37","113","Information","Microsoft-Windows-HttpService"
"17/03/2026 17:33:37","114","Information","Microsoft-Windows-HttpService"
"17/03/2026 17:33:21","113","Information","Microsoft-Windows-HttpService"
"17/03/2026 17:33:21","114","Information","Microsoft-Windows-HttpService"
"17/03/2026 17:33:17","113","Information","Microsoft-Windows-HttpService"
"17/03/2026 17:33:12","7040","Information","Service Control Manager"
"17/03/2026 17:04:19","10016","Avertissement","Microsoft-Windows-DistributedCOM"
"17/03/2026 16:33:52","158","Information","Microsoft-Windows-Time-Service"
"17/03/2026 16:16:48","158","Information","Microsoft-Windows-Time-Service"
"17/03/2026 16:06:00","12","Information","Microsoft-Windows-UserModePowerService"
"17/03/2026 16:05:59","105","Information","Microsoft-Windows-Kernel-Power"
"17/03/2026 15:59:44","158","Information","Microsoft-Windows-Time-Service"
"17/03/2026 15:53:30","19","Information","Microsoft-Windows-WindowsUpdateClient"
"17/03/2026 15:53:28","43","Information","Microsoft-Windows-WindowsUpdateClient"
"17/03/2026 15:53:27","16","Information","Microsoft-Windows-Kernel-General"
"17/03/2026 15:53:25","19","Information","Microsoft-Windows-WindowsUpdateClient"
"17/03/2026 15:53:22","19","Information","Microsoft-Windows-WindowsUpdateClient"
"17/03/2026 15:53:22","43","Information","Microsoft-Windows-WindowsUpdateClient"
"17/03/2026 15:53:20","16","Information","Microsoft-Windows-Kernel-General"
"17/03/2026 15:53:19","43","Information","Microsoft-Windows-WindowsUpdateClient"
"17/03/2026 15:53:18","16","Information","Microsoft-Windows-Kernel-General"
"17/03/2026 15:53:12","44","Information","Microsoft-Windows-WindowsUpdateClient"
"17/03/2026 15:53:04","19","Information","Microsoft-Windows-WindowsUpdateClient"
"17/03/2026 15:53:04","44","Information","Microsoft-Windows-WindowsUpdateClient"
"17/03/2026 15:52:59","19","Information","Microsoft-Windows-WindowsUpdateClient"
"17/03/2026 15:52:59","44","Information","Microsoft-Windows-WindowsUpdateClient"
"17/03/2026 15:52:55","19","Information","Microsoft-Windows-WindowsUpdateClient"
"17/03/2026 15:52:55","44","Information","Microsoft-Windows-WindowsUpdateClient"
"17/03/2026 15:52:53","19","Information","Microsoft-Windows-WindowsUpdateClient"
"17/03/2026 15:52:53","44","Information","Microsoft-Windows-WindowsUpdateClient"
"17/03/2026 15:52:51","44","Information","Microsoft-Windows-WindowsUpdateClient"
"17/03/2026 15:52:46","20","Erreur","Microsoft-Windows-WindowsUpdateClient"
"17/03/2026 15:52:46","43","Information","Microsoft-Windows-WindowsUpdateClient"
"17/03/2026 15:52:40","44","Information","Microsoft-Windows-WindowsUpdateClient"
"17/03/2026 15:52:40","44","Information","Microsoft-Windows-WindowsUpdateClient"
"17/03/2026 15:52:39","6062","Avertissement","Netwtw14"
"17/03/2026 15:52:36","7021","Information","Netwtw14"
"17/03/2026 15:52:30","7045","Information","Service Control Manager"
"17/03/2026 15:52:30","19","Information","Microsoft-Windows-WindowsUpdateClient"
"17/03/2026 15:52:30","10001","Information","Microsoft-Windows-WLAN-AutoConfig"
"17/03/2026 15:52:30","172","Information","Microsoft-Windows-Kernel-Power"
"17/03/2026 15:52:30","7017","Information","Netwtw14"
"17/03/2026 15:52:30","7010","Information","Netwtw14"
"17/03/2026 15:52:30","7002","Information","Netwtw14"
"17/03/2026 15:52:30","7005","Information","Netwtw14"
"17/03/2026 15:52:30","7006","Information","Netwtw14"
"17/03/2026 15:52:29","7027","Information","Netwtw14"
"17/03/2026 15:52:29","7029","Information","Netwtw14"
"17/03/2026 15:52:29","7036","Information","Netwtw14"
"17/03/2026 15:52:29","10002","Avertissement","Microsoft-Windows-WLAN-AutoConfig"
"17/03/2026 15:52:29","8000","Information","Netwtw14"
"17/03/2026 15:52:29","172","Information","Microsoft-Windows-Kernel-Power"
"17/03/2026 15:52:25","43","Information","Microsoft-Windows-WindowsUpdateClient"
"17/03/2026 15:52:25","19","Information","Microsoft-Windows-WindowsUpdateClient"
"17/03/2026 15:52:25","44","Information","Microsoft-Windows-WindowsUpdateClient"
"17/03/2026 15:52:25","7045","Information","Service Control Manager"
"17/03/2026 15:52:24","43","Information","Microsoft-Windows-WindowsUpdateClient"
"17/03/2026 15:42:40","158","Information","Microsoft-Windows-Time-Service"
"17/03/2026 15:29:09","7040","Information","Service Control Manager"
"17/03/2026 15:27:05","7040","Information","Service Control Manager"
"17/03/2026 15:25:20","37","Information","Microsoft-Windows-Time-Service"
"17/03/2026 15:25:20","158","Information","Microsoft-Windows-Time-Service"
"17/03/2026 15:23:59","16","Information","Microsoft-Windows-Kernel-General"
"17/03/2026 15:07:57","12","Information","Microsoft-Windows-UserModePowerService"
"17/03/2026 15:07:56","12","Information","Microsoft-Windows-UserModePowerService"
"17/03/2026 15:07:56","105","Information","Microsoft-Windows-Kernel-Power"
"17/03/2026 14:36:50","12","Information","Microsoft-Windows-UserModePowerService"
"17/03/2026 14:36:48","12","Information","Microsoft-Windows-UserModePowerService"
"17/03/2026 14:36:45","105","Information","Microsoft-Windows-Kernel-Power"
"17/03/2026 14:30:56","44","Information","Microsoft-Windows-WindowsUpdateClient"
"17/03/2026 14:30:56","44","Information","Microsoft-Windows-WindowsUpdateClient"
"17/03/2026 14:25:51","12","Information","Microsoft-Windows-UserModePowerService"
"17/03/2026 14:25:50","12","Information","Microsoft-Windows-UserModePowerService"
"17/03/2026 14:25:49","105","Information","Microsoft-Windows-Kernel-Power"
"17/03/2026 14:13:58","7040","Information","Service Control Manager"
"17/03/2026 14:11:54","7040","Information","Service Control Manager"
"17/03/2026 13:35:40","12","Information","Microsoft-Windows-UserModePowerService"
"17/03/2026 13:06:20","7040","Information","Service Control Manager"
"17/03/2026 13:03:57","7040","Information","Service Control Manager"
"17/03/2026 13:01:42","10016","Avertissement","Microsoft-Windows-DistributedCOM"
"17/03/2026 12:42:54","19","Information","Microsoft-Windows-WindowsUpdateClient"
"17/03/2026 12:42:42","43","Information","Microsoft-Windows-WindowsUpdateClient"
"17/03/2026 12:42:42","44","Information","Microsoft-Windows-WindowsUpdateClient"
"17/03/2026 12:36:55","1","Information","Microsoft-Windows-Kernel-General"
"17/03/2026 12:36:55","21","Erreur","Microsoft-Windows-HAL"
"17/03/2026 12:36:55","20","Erreur","Microsoft-Windows-HAL"
"17/03/2026 12:36:55","24","Information","Microsoft-Windows-Kernel-General"
"17/03/2026 12:36:53","1808","Information","Microsoft-Windows-TPM-WMI"
"17/03/2026 12:34:59","4","Information","Virtual Disk Service"
"17/03/2026 12:34:58","3","Information","Virtual Disk Service"
"17/03/2026 12:33:59","10016","Avertissement","Microsoft-Windows-DistributedCOM"
"17/03/2026 12:33:58","0","Information","Intel Connectivity Network Service"
"17/03/2026 12:33:58","16","Information","Intel Connectivity Network Service"
"17/03/2026 12:33:57","0","Information","Intel Analytics Service"
"17/03/2026 12:33:57","16","Information","Intel Analytics Service"
"17/03/2026 12:33:08","1","Information","Microsoft-Windows-Kernel-General"
"17/03/2026 12:33:08","21","Erreur","Microsoft-Windows-HAL"
"17/03/2026 12:33:08","20","Erreur","Microsoft-Windows-HAL"
"17/03/2026 12:33:08","24","Information","Microsoft-Windows-Kernel-General"
"17/03/2026 12:32:55","37","Avertissement","Microsoft-Windows-Kernel-Processor-Power"
"17/03/2026 12:32:55","37","Avertissement","Microsoft-Windows-Kernel-Processor-Power"
"17/03/2026 12:32:55","37","Avertissement","Microsoft-Windows-Kernel-Processor-Power"
"17/03/2026 12:32:55","37","Avertissement","Microsoft-Windows-Kernel-Processor-Power"
"17/03/2026 12:32:55","37","Avertissement","Microsoft-Windows-Kernel-Processor-Power"
"17/03/2026 12:32:55","37","Avertissement","Microsoft-Windows-Kernel-Processor-Power"
"17/03/2026 12:32:55","37","Avertissement","Microsoft-Windows-Kernel-Processor-Power"
"17/03/2026 12:32:55","37","Avertissement","Microsoft-Windows-Kernel-Processor-Power"
"17/03/2026 12:32:55","37","Avertissement","Microsoft-Windows-Kernel-Processor-Power"
"17/03/2026 12:32:55","37","Avertissement","Microsoft-Windows-Kernel-Processor-Power"
"17/03/2026 12:32:28","10016","Avertissement","Microsoft-Windows-DistributedCOM"
"17/03/2026 12:32:22","6062","Avertissement","Netwtw14"
"17/03/2026 12:32:20","7021","Information","Netwtw14"
"17/03/2026 12:32:19","7045","Information","Service Control Manager"
"17/03/2026 12:32:13","10001","Information","Microsoft-Windows-WLAN-AutoConfig"
"17/03/2026 12:32:13","172","Information","Microsoft-Windows-Kernel-Power"
"17/03/2026 12:32:13","7017","Information","Netwtw14"
"17/03/2026 12:32:13","7010","Information","Netwtw14"
"17/03/2026 12:32:13","7002","Information","Netwtw14"
"17/03/2026 12:32:13","7005","Information","Netwtw14"
"17/03/2026 12:32:13","7006","Information","Netwtw14"
"17/03/2026 12:32:12","7027","Information","Netwtw14"
"17/03/2026 12:32:12","7029","Information","Netwtw14"
"17/03/2026 12:32:12","7036","Information","Netwtw14"
"17/03/2026 12:32:12","10002","Avertissement","Microsoft-Windows-WLAN-AutoConfig"
"17/03/2026 12:32:12","8000","Information","Netwtw14"
"17/03/2026 12:32:12","172","Information","Microsoft-Windows-Kernel-Power"
"17/03/2026 12:32:11","7021","Information","Netwtw14"
"17/03/2026 12:32:06","1046","Information","Microsoft-Windows-TPM-WMI"
"17/03/2026 12:32:05","10001","Information","Microsoft-Windows-WLAN-AutoConfig"
"17/03/2026 12:32:04","12","Information","Microsoft-Windows-UserModePowerService"
"17/03/2026 12:32:04","172","Information","Microsoft-Windows-Kernel-Power"
"17/03/2026 12:32:04","7017","Information","Netwtw14"
"17/03/2026 12:32:04","7010","Information","Netwtw14"
"17/03/2026 12:32:04","7002","Information","Netwtw14"
"17/03/2026 12:32:04","7005","Information","Netwtw14"
"17/03/2026 12:32:04","7006","Information","Netwtw14"
"17/03/2026 12:32:04","1046","Information","Microsoft-Windows-TPM-WMI"
"17/03/2026 12:32:04","16","Information","Microsoft-Windows-Kernel-General"
"17/03/2026 12:32:04","5","Information","ADIAmpDriver"
"17/03/2026 12:32:04","7027","Information","Netwtw14"
"17/03/2026 12:32:04","7029","Information","Netwtw14"
"17/03/2026 12:32:04","7036","Information","Netwtw14"
"17/03/2026 12:32:03","521","Information","Microsoft-Windows-Kernel-Power"
"17/03/2026 12:32:03","105","Information","Microsoft-Windows-Kernel-Power"
"17/03/2026 12:32:03","521","Information","Microsoft-Windows-Kernel-Power"
"17/03/2026 12:32:02","12","Information","Microsoft-Windows-UserModePowerService"
"17/03/2026 12:32:02","10002","Avertissement","Microsoft-Windows-WLAN-AutoConfig"
"17/03/2026 12:32:02","18","Information","ErlSrv"
"17/03/2026 12:32:02","8000","Information","Netwtw14"
"17/03/2026 12:32:02","172","Information","Microsoft-Windows-Kernel-Power"
"17/03/2026 12:32:01","12","Information","Microsoft-Windows-UserModePowerService"
"17/03/2026 12:32:00","113","Information","Microsoft-Windows-HttpService"
"17/03/2026 12:32:00","111","Information","Microsoft-Windows-HttpService"
"17/03/2026 12:31:59","12","Erreur","VBoxNetLwf"
"17/03/2026 12:31:59","17","Information","ADIAmpDriver"
"17/03/2026 12:31:59","19","Information","ADIAmpDriver"
"17/03/2026 12:31:59","12","Information","Microsoft-Windows-UserModePowerService"
"17/03/2026 12:31:58","1025","Information","Microsoft-Windows-TPM-WMI"
"17/03/2026 12:31:58","12","Erreur","VBoxNetLwf"
"17/03/2026 12:31:58","1282","Information","Microsoft-Windows-TPM-WMI"
"17/03/2026 12:31:57","12","Information","Microsoft-Windows-UserModePowerService"
"17/03/2026 12:31:57","18","Information","TPM"
"17/03/2026 12:31:57","1","Information","Microsoft-Windows-Configuration-Change-Monitor"
"17/03/2026 12:31:57","1","Information","Microsoft-Windows-Configuration-Change-Monitor"
"17/03/2026 12:31:56","1","Information","Microsoft-Windows-Configuration-Change-Monitor"
"17/03/2026 12:31:56","12","Information","Microsoft-Windows-UserModePowerService"
"17/03/2026 12:31:55","10001","Information","Microsoft-Windows-WLAN-AutoConfig"
"17/03/2026 12:31:55","4000","Information","Microsoft-Windows-WLAN-AutoConfig"
"17/03/2026 12:31:55","10016","Avertissement","Microsoft-Windows-DistributedCOM"
"17/03/2026 12:31:55","10016","Avertissement","Microsoft-Windows-DistributedCOM"
"17/03/2026 12:31:53","12","Information","Microsoft-Windows-UserModePowerService"
"17/03/2026 12:31:52","12","Information","Microsoft-Windows-UserModePowerService"
"17/03/2026 12:31:52","9","Information","ADIAmpDriver"
"17/03/2026 12:31:52","4","Information","ADIAmpDriver"
"17/03/2026 12:31:52","7009","Erreur","Service Control Manager"
"17/03/2026 12:31:52","7","Information","ADIAmpDriver"
"17/03/2026 12:31:52","1","Information","Microsoft-Windows-IsolatedUserMode"
"17/03/2026 12:31:52","5","Information","Microsoft-Windows-IsolatedUserMode"
"17/03/2026 12:31:52","112","Information","Microsoft-Windows-HttpService"
"17/03/2026 12:31:52","112","Information","Microsoft-Windows-HttpService"
"17/03/2026 12:31:52","112","Information","Microsoft-Windows-HttpService"
"17/03/2026 12:31:52","112","Information","Microsoft-Windows-HttpService"
"17/03/2026 12:31:52","112","Information","Microsoft-Windows-HttpService"
"17/03/2026 12:31:52","112","Information","Microsoft-Windows-HttpService"
"17/03/2026 12:31:52","112","Information","Microsoft-Windows-HttpService"
"17/03/2026 12:31:52","112","Information","Microsoft-Windows-HttpService"
"17/03/2026 12:31:52","112","Information","Microsoft-Windows-HttpService"
"17/03/2026 12:31:52","112","Information","Microsoft-Windows-HttpService"
"17/03/2026 12:31:52","112","Information","Microsoft-Windows-HttpService"
"17/03/2026 12:31:52","112","Information","Microsoft-Windows-HttpService"
"17/03/2026 12:31:52","112","Information","Microsoft-Windows-HttpService"
"17/03/2026 12:31:52","277","Information","Microsoft-Windows-Hyper-V-VmSwitch"
"17/03/2026 12:31:51","1038","Information","Microsoft-Windows-TPM-WMI"
"17/03/2026 12:31:51","1041","Information","Microsoft-Windows-TPM-WMI"
"17/03/2026 12:31:51","7001","Information","Microsoft-Windows-Winlogon"
"17/03/2026 12:31:51","6","Information","Microsoft-Windows-FilterManager"
"17/03/2026 12:31:51","6","Information","Microsoft-Windows-FilterManager"
"17/03/2026 12:31:51","6","Information","Microsoft-Windows-FilterManager"
"17/03/2026 12:31:51","1","Information","Microsoft-Windows-FilterManager"
"17/03/2026 12:31:51","6","Information","Microsoft-Windows-FilterManager"
"17/03/2026 12:31:51","267","Information","Win32k"
"17/03/2026 12:31:51","6","Information","Microsoft-Windows-FilterManager"
"17/03/2026 12:31:51","267","Information","Win32k"
"17/03/2026 12:31:51","6","Information","Microsoft-Windows-FilterManager"
"17/03/2026 12:31:51","6","Information","Microsoft-Windows-FilterManager"
"17/03/2026 12:31:51","6","Information","Microsoft-Windows-FilterManager"
"17/03/2026 12:31:51","5","Information","ADIAmpDriver"
"17/03/2026 12:31:51","51046","Information","Microsoft-Windows-DHCPv6-Client"
"17/03/2026 12:31:51","50036","Information","Microsoft-Windows-Dhcp-Client"
"17/03/2026 12:31:51","50103","Information","Microsoft-Windows-Dhcp-Client"
"17/03/2026 12:31:51","50036","Information","Microsoft-Windows-Dhcp-Client"
"17/03/2026 12:31:51","16983","Information","Microsoft-Windows-Directory-Services-SAM"
"17/03/2026 12:31:51","16977","Information","Microsoft-Windows-Directory-Services-SAM"
"17/03/2026 12:31:51","16962","Information","Microsoft-Windows-Directory-Services-SAM"
"17/03/2026 12:31:51","5","Information","Microsoft-Windows-IsolatedUserMode"
"17/03/2026 12:31:51","6156","Information","LsaSrv"
"17/03/2026 12:31:50","12","Information","Microsoft-Windows-Wininit"
"17/03/2026 12:31:50","18","Information","Microsoft-Windows-Wininit"
"17/03/2026 12:31:50","1","Information","Microsoft-Windows-IsolatedUserMode"
"17/03/2026 12:31:50","5","Information","Microsoft-Windows-IsolatedUserMode"
"17/03/2026 12:31:50","14","Information","Microsoft-Windows-Wininit"
"17/03/2026 12:31:50","23","Information","Microsoft-Windows-Wininit"
"17/03/2026 12:31:50","25","Information","Microsoft-Windows-Wininit"
"17/03/2026 12:31:50","24","Information","Microsoft-Windows-Wininit"
"17/03/2026 12:31:50","19","Information","Microsoft-Windows-Wininit"
"17/03/2026 12:31:50","21","Information","Microsoft-Windows-Wininit"
"17/03/2026 12:31:49","98","Information","Microsoft-Windows-Ntfs"
"17/03/2026 12:31:49","98","Information","Microsoft-Windows-Ntfs"
"17/03/2026 12:31:49","219","Avertissement","Microsoft-Windows-Kernel-PnP"
"17/03/2026 12:31:49","10118","Information","Microsoft-Windows-DriverFrameworks-UserMode"
"17/03/2026 12:31:48","18","Information","BTHUSB"
"17/03/2026 12:31:47","219","Avertissement","Microsoft-Windows-Kernel-PnP"
"17/03/2026 12:31:47","10118","Information","Microsoft-Windows-DriverFrameworks-UserMode"
"17/03/2026 12:31:47","21","Information","ADIAmpDriver"
"17/03/2026 12:31:46","219","Avertissement","Microsoft-Windows-Kernel-PnP"
"17/03/2026 12:31:46","10118","Information","Microsoft-Windows-DriverFrameworks-UserMode"
"17/03/2026 12:31:46","28","Information","Intel-SST-OED"
"17/03/2026 12:31:46","28","Information","Intel-SST-OED"
"17/03/2026 12:31:46","28","Information","Intel-SST-OED"
"17/03/2026 12:31:46","28","Information","Intel-SST-OED"
"17/03/2026 12:31:46","4","Information","ADIAmpDriver"
"17/03/2026 12:31:46","26","Information","ADIAmpDriver"
"17/03/2026 12:31:46","7017","Information","Netwtw14"
"17/03/2026 12:31:46","7010","Information","Netwtw14"
"17/03/2026 12:31:46","7002","Information","Netwtw14"
"17/03/2026 12:31:46","7005","Information","Netwtw14"
"17/03/2026 12:31:46","7006","Information","Netwtw14"
"17/03/2026 12:31:46","7027","Information","Netwtw14"
"17/03/2026 12:31:46","7029","Information","Netwtw14"
"17/03/2026 12:31:46","7036","Information","Netwtw14"
"17/03/2026 12:31:45","4096","Information","nipcibrd"
"17/03/2026 12:31:45","4096","Information","nipcibrd"
"17/03/2026 12:31:44","12","Erreur","VBoxNetLwf"
"17/03/2026 12:31:44","55","Information","Microsoft-Windows-Kernel-Processor-Power"
"17/03/2026 12:31:44","55","Information","Microsoft-Windows-Kernel-Processor-Power"
"17/03/2026 12:31:44","55","Information","Microsoft-Windows-Kernel-Processor-Power"
"17/03/2026 12:31:44","55","Information","Microsoft-Windows-Kernel-Processor-Power"
"17/03/2026 12:31:44","55","Information","Microsoft-Windows-Kernel-Processor-Power"
"17/03/2026 12:31:44","55","Information","Microsoft-Windows-Kernel-Processor-Power"
"17/03/2026 12:31:44","55","Information","Microsoft-Windows-Kernel-Processor-Power"
"17/03/2026 12:31:44","55","Information","Microsoft-Windows-Kernel-Processor-Power"
"17/03/2026 12:31:44","55","Information","Microsoft-Windows-Kernel-Processor-Power"
"17/03/2026 12:31:44","55","Information","Microsoft-Windows-Kernel-Processor-Power"
"17/03/2026 12:31:44","55","Information","Microsoft-Windows-Kernel-Processor-Power"
"17/03/2026 12:31:44","55","Information","Microsoft-Windows-Kernel-Processor-Power"
"17/03/2026 12:31:44","55","Information","Microsoft-Windows-Kernel-Processor-Power"
"17/03/2026 12:31:44","55","Information","Microsoft-Windows-Kernel-Processor-Power"
"17/03/2026 12:31:44","55","Information","Microsoft-Windows-Kernel-Processor-Power"
"17/03/2026 12:31:44","55","Information","Microsoft-Windows-Kernel-Processor-Power"
"17/03/2026 12:31:44","55","Information","Microsoft-Windows-Kernel-Processor-Power"
"17/03/2026 12:31:44","55","Information","Microsoft-Windows-Kernel-Processor-Power"
"17/03/2026 12:31:44","55","Information","Microsoft-Windows-Kernel-Processor-Power"
"17/03/2026 12:31:44","55","Information","Microsoft-Windows-Kernel-Processor-Power"
"17/03/2026 12:31:44","2","Information","MEIx64"
"17/03/2026 12:31:44","55","Information","Microsoft-Windows-Kernel-Processor-Power"
"17/03/2026 12:31:44","55","Information","Microsoft-Windows-Kernel-Processor-Power"
"17/03/2026 12:31:42","219","Avertissement","Microsoft-Windows-Kernel-PnP"
"17/03/2026 12:31:42","10118","Information","Microsoft-Windows-DriverFrameworks-UserMode"
"17/03/2026 12:31:40","24","Information","Microsoft-Windows-Kernel-General"
"17/03/2026 12:31:38","125","Information","Microsoft-Windows-Kernel-Power"
"17/03/2026 12:31:38","125","Information","Microsoft-Windows-Kernel-Power"
"17/03/2026 12:31:38","6","Information","Microsoft-Windows-FilterManager"
"17/03/2026 12:31:38","7036","Information","VfpExt"
"17/03/2026 12:31:38","7036","Information","VfpExt"
"17/03/2026 12:31:38","6","Information","Microsoft-Windows-FilterManager"
"17/03/2026 12:31:38","6","Information","Microsoft-Windows-FilterManager"
"17/03/2026 12:31:37","98","Information","Microsoft-Windows-Ntfs"
"17/03/2026 12:31:36","6","Information","Microsoft-Windows-FilterManager"
"17/03/2026 12:31:36","6","Information","Microsoft-Windows-FilterManager"
"17/03/2026 12:31:36","6","Information","Microsoft-Windows-FilterManager"
"17/03/2026 12:31:36","6","Information","Microsoft-Windows-FilterManager"
"17/03/2026 12:31:36","4096","Information","nipcibrd"
"17/03/2026 12:31:35","16","Information","Microsoft-Windows-HAL"
"17/03/2026 12:31:35","20","Information","Microsoft-Windows-Kernel-General"
"17/03/2026 12:31:35","30","Information","Microsoft-Windows-Kernel-Boot"
"17/03/2026 12:31:35","3","Information","Microsoft-Windows-IsolatedUserMode"
"17/03/2026 12:31:35","165","Information","Microsoft-Windows-Hyper-V-Hypervisor"
"17/03/2026 12:31:35","156","Information","Microsoft-Windows-Hyper-V-Hypervisor"
"17/03/2026 12:31:35","129","Information","Microsoft-Windows-Hyper-V-Hypervisor"
"17/03/2026 12:31:35","2","Information","Microsoft-Windows-Hyper-V-Hypervisor"
"17/03/2026 12:31:35","1","Information","Microsoft-Windows-Hyper-V-Hypervisor"
"17/03/2026 12:31:35","27","Information","Microsoft-Windows-Kernel-Boot"
"17/03/2026 12:31:35","25","Information","Microsoft-Windows-Kernel-Boot"
"17/03/2026 12:31:35","242","Information","Microsoft-Windows-Kernel-Boot"
"17/03/2026 12:31:35","272","Information","Microsoft-Windows-Kernel-Boot"
"17/03/2026 12:31:35","238","Information","Microsoft-Windows-Kernel-Boot"
"17/03/2026 12:31:35","247","Information","Microsoft-Windows-Kernel-Boot"
"17/03/2026 12:31:35","20","Information","Microsoft-Windows-Kernel-Boot"
"17/03/2026 12:31:35","32","Information","Microsoft-Windows-Kernel-Boot"
"17/03/2026 12:31:35","18","Information","Microsoft-Windows-Kernel-Boot"
"17/03/2026 12:31:35","153","Information","Microsoft-Windows-Kernel-Boot"
"17/03/2026 12:31:35","25","Information","Microsoft-Windows-Kernel-General"
"17/03/2026 12:31:35","12","Information","Microsoft-Windows-Kernel-General"
"17/03/2026 10:39:41","13","Information","Microsoft-Windows-Kernel-General"
"17/03/2026 10:39:41","577","Information","Microsoft-Windows-Kernel-Power"
"17/03/2026 10:39:39","109","Information","Microsoft-Windows-Kernel-Power"
"17/03/2026 10:39:36","4001","Information","Microsoft-Windows-WLAN-AutoConfig"
"17/03/2026 10:39:36","10002","Avertissement","Microsoft-Windows-WLAN-AutoConfig"
"17/03/2026 10:39:35","117","Information","Microsoft-Windows-HttpService"
"17/03/2026 10:39:35","114","Information","Microsoft-Windows-HttpService"
"17/03/2026 10:39:34","50037","Information","Microsoft-Windows-Dhcp-Client"
"17/03/2026 10:39:34","50106","Information","Microsoft-Windows-Dhcp-Client"
"17/03/2026 12:31:51","6013","Information","EventLog"
"17/03/2026 12:31:51","6005","Information","EventLog"
"17/03/2026 12:31:51","6009","Information","EventLog"
"17/03/2026 10:39:34","51057","Information","Microsoft-Windows-DHCPv6-Client"
"17/03/2026 10:39:34","51057","Information","Microsoft-Windows-DHCPv6-Client"
"17/03/2026 10:39:34","51057","Information","Microsoft-Windows-DHCPv6-Client"
"17/03/2026 10:39:34","51047","Information","Microsoft-Windows-DHCPv6-Client"
"17/03/2026 10:39:34","50105","Information","Microsoft-Windows-Dhcp-Client"
"17/03/2026 10:39:34","50104","Information","Microsoft-Windows-Dhcp-Client"
"17/03/2026 10:39:34","6006","Information","EventLog"
"17/03/2026 10:39:32","0","Information","Intel Connectivity Network Service"
"17/03/2026 10:39:31","2","Information","Microsoft-Windows-IsolatedUserMode"
"17/03/2026 10:39:30","7002","Information","Microsoft-Windows-Winlogon"
"17/03/2026 10:39:31","0","Information","Intel Analytics Service"
"17/03/2026 10:39:31","16","Information","Intel Analytics Service"
"17/03/2026 10:39:31","16","Information","Intel Connectivity Network Service"
"17/03/2026 10:39:27","10010","Erreur","Microsoft-Windows-DistributedCOM"
"17/03/2026 10:39:27","10010","Erreur","Microsoft-Windows-DistributedCOM"
"17/03/2026 10:39:27","10010","Erreur","Microsoft-Windows-DistributedCOM"
"17/03/2026 10:39:27","1074","Information","User32"
"17/03/2026 09:14:55","19","Information","Microsoft-Windows-WindowsUpdateClient"
"17/03/2026 09:14:48","12","Information","Microsoft-Windows-UserModePowerService"
"17/03/2026 09:14:48","105","Information","Microsoft-Windows-Kernel-Power"
"17/03/2026 09:14:44","43","Information","Microsoft-Windows-WindowsUpdateClient"
"17/03/2026 09:14:44","44","Information","Microsoft-Windows-WindowsUpdateClient"
"17/03/2026 09:10:38","16","Information","Microsoft-Windows-Kernel-General"
"17/03/2026 09:10:38","16","Information","Microsoft-Windows-Kernel-General"
"17/03/2026 09:09:16","1","Information","Microsoft-Windows-Kernel-General"
"17/03/2026 09:09:16","21","Erreur","Microsoft-Windows-HAL"
"17/03/2026 09:09:16","20","Erreur","Microsoft-Windows-HAL"
"17/03/2026 09:09:16","24","Information","Microsoft-Windows-Kernel-General"
"17/03/2026 09:09:13","1808","Information","Microsoft-Windows-TPM-WMI"
"17/03/2026 09:07:19","4","Information","Virtual Disk Service"
"17/03/2026 09:07:18","3","Information","Virtual Disk Service"
"17/03/2026 09:06:29","16","Information","Microsoft-Windows-Kernel-General"
"17/03/2026 09:06:28","16","Information","Microsoft-Windows-Kernel-General"
"17/03/2026 09:06:20","10016","Avertissement","Microsoft-Windows-DistributedCOM"
"17/03/2026 09:06:19","0","Information","Intel Connectivity Network Service"
"17/03/2026 09:06:19","16","Information","Intel Connectivity Network Service"
"17/03/2026 09:06:18","0","Information","Intel Analytics Service"
"17/03/2026 09:06:18","16","Information","Intel Analytics Service"
"17/03/2026 09:05:25","16","Information","Microsoft-Windows-Kernel-General"
"17/03/2026 09:05:18","1","Information","Microsoft-Windows-Kernel-General"
"17/03/2026 09:05:18","21","Erreur","Microsoft-Windows-HAL"
"17/03/2026 09:05:18","20","Erreur","Microsoft-Windows-HAL"
"17/03/2026 09:05:18","24","Information","Microsoft-Windows-Kernel-General"
"17/03/2026 09:05:15","37","Avertissement","Microsoft-Windows-Kernel-Processor-Power"
"17/03/2026 09:05:15","37","Avertissement","Microsoft-Windows-Kernel-Processor-Power"
"17/03/2026 09:05:15","37","Avertissement","Microsoft-Windows-Kernel-Processor-Power"
"17/03/2026 09:05:15","37","Avertissement","Microsoft-Windows-Kernel-Processor-Power"
"17/03/2026 09:05:15","37","Avertissement","Microsoft-Windows-Kernel-Processor-Power"
"17/03/2026 09:05:15","37","Avertissement","Microsoft-Windows-Kernel-Processor-Power"
"17/03/2026 09:05:15","37","Avertissement","Microsoft-Windows-Kernel-Processor-Power"
"17/03/2026 09:05:15","37","Avertissement","Microsoft-Windows-Kernel-Processor-Power"
"17/03/2026 09:05:15","37","Avertissement","Microsoft-Windows-Kernel-Processor-Power"
"17/03/2026 09:05:15","37","Avertissement","Microsoft-Windows-Kernel-Processor-Power"
"17/03/2026 09:04:52","10016","Avertissement","Microsoft-Windows-DistributedCOM"
"17/03/2026 09:04:41","6062","Avertissement","Netwtw14"
"17/03/2026 09:04:40","7045","Information","Service Control Manager"
"17/03/2026 09:04:39","7021","Information","Netwtw14"
"17/03/2026 09:04:32","10001","Information","Microsoft-Windows-WLAN-AutoConfig"
"17/03/2026 09:04:32","16","Information","Microsoft-Windows-Kernel-General"
"17/03/2026 09:04:32","172","Information","Microsoft-Windows-Kernel-Power"
"17/03/2026 09:04:32","7017","Information","Netwtw14"
"17/03/2026 09:04:32","7010","Information","Netwtw14"
"17/03/2026 09:04:32","7002","Information","Netwtw14"
"17/03/2026 09:04:32","7005","Information","Netwtw14"
"17/03/2026 09:04:32","7006","Information","Netwtw14"
"17/03/2026 09:04:31","7027","Information","Netwtw14"
"17/03/2026 09:04:31","7029","Information","Netwtw14"
"17/03/2026 09:04:31","7036","Information","Netwtw14"
"17/03/2026 09:04:31","10002","Avertissement","Microsoft-Windows-WLAN-AutoConfig"
"17/03/2026 09:04:31","8000","Information","Netwtw14"
"17/03/2026 09:04:31","172","Information","Microsoft-Windows-Kernel-Power"
"17/03/2026 09:04:30","7021","Information","Netwtw14"
"17/03/2026 09:04:30","1046","Information","Microsoft-Windows-TPM-WMI"
"17/03/2026 09:04:28","16","Information","Microsoft-Windows-Kernel-General"
"17/03/2026 09:04:26","1046","Information","Microsoft-Windows-TPM-WMI"
"17/03/2026 09:04:26","16","Information","Microsoft-Windows-Kernel-General"
"17/03/2026 09:04:26","16","Information","Microsoft-Windows-Kernel-General"
"17/03/2026 09:04:26","16","Information","Microsoft-Windows-Kernel-General"
"17/03/2026 09:04:26","16","Information","Microsoft-Windows-Kernel-General"
"17/03/2026 09:04:25","16","Information","Microsoft-Windows-Kernel-General"
"17/03/2026 09:04:25","16","Information","Microsoft-Windows-Kernel-General"
"17/03/2026 09:04:25","16","Information","Microsoft-Windows-Kernel-General"
"17/03/2026 09:04:24","5","Information","ADIAmpDriver"
"17/03/2026 09:04:24","10001","Information","Microsoft-Windows-WLAN-AutoConfig"
"17/03/2026 09:04:24","172","Information","Microsoft-Windows-Kernel-Power"
"17/03/2026 09:04:24","7017","Information","Netwtw14"
"17/03/2026 09:04:23","7010","Information","Netwtw14"
"17/03/2026 09:04:23","7002","Information","Netwtw14"
"17/03/2026 09:04:23","7005","Information","Netwtw14"
"17/03/2026 09:04:23","7006","Information","Netwtw14"
"17/03/2026 09:04:23","7027","Information","Netwtw14"
"17/03/2026 09:04:23","7029","Information","Netwtw14"
"17/03/2026 09:04:23","7036","Information","Netwtw14"
"17/03/2026 09:04:22","10002","Avertissement","Microsoft-Windows-WLAN-AutoConfig"
"17/03/2026 09:04:22","8000","Information","Netwtw14"
"17/03/2026 09:04:22","172","Information","Microsoft-Windows-Kernel-Power"
"17/03/2026 09:04:22","18","Information","ErlSrv"
"17/03/2026 09:04:22","16","Information","Microsoft-Windows-Kernel-General"
"17/03/2026 09:04:22","16","Information","Microsoft-Windows-Kernel-General"
"17/03/2026 09:04:21","1025","Information","Microsoft-Windows-TPM-WMI"
"17/03/2026 09:04:21","7021","Information","Netwtw14"
"17/03/2026 09:04:21","16","Information","Microsoft-Windows-Kernel-General"
"17/03/2026 09:04:21","16","Information","Microsoft-Windows-Kernel-General"
"17/03/2026 09:04:21","113","Information","Microsoft-Windows-HttpService"
"17/03/2026 09:04:21","111","Information","Microsoft-Windows-HttpService"
"17/03/2026 09:04:21","16","Information","Microsoft-Windows-Kernel-General"
"17/03/2026 09:04:21","16","Information","Microsoft-Windows-Kernel-General"
"17/03/2026 09:04:21","16","Information","Microsoft-Windows-Kernel-General"
"17/03/2026 09:04:20","12","Information","Microsoft-Windows-UserModePowerService"
"17/03/2026 09:04:20","12","Erreur","VBoxNetLwf"
"17/03/2026 09:04:19","12","Information","Microsoft-Windows-UserModePowerService"
"17/03/2026 09:04:19","17","Information","ADIAmpDriver"
"17/03/2026 09:04:19","19","Information","ADIAmpDriver"
"17/03/2026 09:04:18","12","Information","Microsoft-Windows-UserModePowerService"
"17/03/2026 09:04:18","12","Erreur","VBoxNetLwf"
"17/03/2026 09:04:18","16","Information","Microsoft-Windows-Kernel-General"
"17/03/2026 09:04:18","1282","Information","Microsoft-Windows-TPM-WMI"
"17/03/2026 09:04:18","16","Information","Microsoft-Windows-Kernel-General"
"17/03/2026 09:04:18","16","Information","Microsoft-Windows-Kernel-General"
"17/03/2026 09:04:18","16","Information","Microsoft-Windows-Kernel-General"
"17/03/2026 09:04:17","12","Information","Microsoft-Windows-UserModePowerService"
"17/03/2026 09:04:17","18","Information","TPM"
"17/03/2026 09:04:17","1","Information","Microsoft-Windows-Configuration-Change-Monitor"
"17/03/2026 09:04:17","16","Information","Microsoft-Windows-Kernel-General"
"17/03/2026 09:04:17","16","Information","Microsoft-Windows-Kernel-General"
"17/03/2026 09:04:17","16","Information","Microsoft-Windows-Kernel-General"
"17/03/2026 09:04:17","1","Information","Microsoft-Windows-Configuration-Change-Monitor"
"17/03/2026 09:04:17","1","Information","Microsoft-Windows-Configuration-Change-Monitor"
"17/03/2026 09:04:16","16","Information","Microsoft-Windows-Kernel-General"
"17/03/2026 09:04:16","16","Information","Microsoft-Windows-Kernel-General"
"17/03/2026 09:04:16","12","Information","Microsoft-Windows-UserModePowerService"
"17/03/2026 09:04:15","10016","Avertissement","Microsoft-Windows-DistributedCOM"
"17/03/2026 09:04:15","10016","Avertissement","Microsoft-Windows-DistributedCOM"
"17/03/2026 09:04:15","10001","Information","Microsoft-Windows-WLAN-AutoConfig"
"17/03/2026 09:04:15","16","Information","Microsoft-Windows-Kernel-General"
"17/03/2026 09:04:15","4000","Information","Microsoft-Windows-WLAN-AutoConfig"
"17/03/2026 09:04:15","16","Information","Microsoft-Windows-Kernel-General"
"17/03/2026 09:04:15","16","Information","Microsoft-Windows-Kernel-General"
"17/03/2026 09:04:15","16","Information","Microsoft-Windows-Kernel-General"
"17/03/2026 09:04:15","16","Information","Microsoft-Windows-Kernel-General"
"17/03/2026 09:04:15","16","Information","Microsoft-Windows-Kernel-General"
"17/03/2026 09:04:15","16","Information","Microsoft-Windows-Kernel-General"
"17/03/2026 09:04:13","12","Information","Microsoft-Windows-UserModePowerService"
"17/03/2026 09:04:13","12","Information","Microsoft-Windows-UserModePowerService"
"17/03/2026 09:04:12","16","Information","Microsoft-Windows-Kernel-General"
"17/03/2026 09:04:12","16","Information","Microsoft-Windows-Kernel-General"
"17/03/2026 09:04:12","9","Information","ADIAmpDriver"
"17/03/2026 09:04:12","4","Information","ADIAmpDriver"
"17/03/2026 09:04:12","7","Information","ADIAmpDriver"
"17/03/2026 09:04:12","7009","Erreur","Service Control Manager"
"17/03/2026 09:04:12","16","Information","Microsoft-Windows-Kernel-General"
"17/03/2026 09:04:12","16","Information","Microsoft-Windows-Kernel-General"
"17/03/2026 09:04:12","16","Information","Microsoft-Windows-Kernel-General"
"17/03/2026 09:04:12","16","Information","Microsoft-Windows-Kernel-General"
"17/03/2026 09:04:12","1","Information","Microsoft-Windows-IsolatedUserMode"
"17/03/2026 09:04:12","5","Information","Microsoft-Windows-IsolatedUserMode"
"17/03/2026 09:04:12","16","Information","Microsoft-Windows-Kernel-General"
"17/03/2026 09:04:12","112","Information","Microsoft-Windows-HttpService"
"17/03/2026 09:04:12","112","Information","Microsoft-Windows-HttpService"
"17/03/2026 09:04:12","112","Information","Microsoft-Windows-HttpService"
"17/03/2026 09:04:12","112","Information","Microsoft-Windows-HttpService"
"17/03/2026 09:04:12","112","Information","Microsoft-Windows-HttpService"
"17/03/2026 09:04:12","112","Information","Microsoft-Windows-HttpService"
"17/03/2026 09:04:12","112","Information","Microsoft-Windows-HttpService"
"17/03/2026 09:04:12","112","Information","Microsoft-Windows-HttpService"
"17/03/2026 09:04:12","112","Information","Microsoft-Windows-HttpService"
"17/03/2026 09:04:12","112","Information","Microsoft-Windows-HttpService"
"17/03/2026 09:04:12","112","Information","Microsoft-Windows-HttpService"
"17/03/2026 09:04:12","112","Information","Microsoft-Windows-HttpService"
"17/03/2026 09:04:12","112","Information","Microsoft-Windows-HttpService"
"17/03/2026 09:04:12","15","Information","Microsoft-Windows-Kernel-General"
"17/03/2026 09:04:12","277","Information","Microsoft-Windows-Hyper-V-VmSwitch"
"17/03/2026 09:04:12","1038","Information","Microsoft-Windows-TPM-WMI"
"17/03/2026 09:04:12","1041","Information","Microsoft-Windows-TPM-WMI"
"17/03/2026 09:04:12","7001","Information","Microsoft-Windows-Winlogon"
"17/03/2026 09:04:12","16","Information","Microsoft-Windows-Kernel-General"
"17/03/2026 09:04:11","6","Information","Microsoft-Windows-FilterManager"
"17/03/2026 09:04:11","6","Information","Microsoft-Windows-FilterManager"
"17/03/2026 09:04:11","267","Information","Win32k"
"17/03/2026 09:04:11","6","Information","Microsoft-Windows-FilterManager"
"17/03/2026 09:04:11","6","Information","Microsoft-Windows-FilterManager"
"17/03/2026 09:04:11","1","Information","Microsoft-Windows-FilterManager"
"17/03/2026 09:04:11","6","Information","Microsoft-Windows-FilterManager"
"17/03/2026 09:04:11","267","Information","Win32k"
"17/03/2026 09:04:11","6","Information","Microsoft-Windows-FilterManager"
"17/03/2026 09:04:11","6","Information","Microsoft-Windows-FilterManager"
"17/03/2026 09:04:11","5","Information","ADIAmpDriver"
"17/03/2026 09:04:11","6","Information","Microsoft-Windows-FilterManager"
"17/03/2026 09:04:11","51046","Information","Microsoft-Windows-DHCPv6-Client"
"17/03/2026 09:04:11","50036","Information","Microsoft-Windows-Dhcp-Client"
"17/03/2026 09:04:11","50103","Information","Microsoft-Windows-Dhcp-Client"
"17/03/2026 09:04:11","50036","Information","Microsoft-Windows-Dhcp-Client"
"17/03/2026 09:04:11","16","Information","Microsoft-Windows-Kernel-General"
"17/03/2026 09:04:11","16","Information","Microsoft-Windows-Kernel-General"
"17/03/2026 09:04:11","16","Information","Microsoft-Windows-Kernel-General"
"17/03/2026 09:04:11","16983","Information","Microsoft-Windows-Directory-Services-SAM"
"17/03/2026 09:04:11","16977","Information","Microsoft-Windows-Directory-Services-SAM"
"17/03/2026 09:04:11","16962","Information","Microsoft-Windows-Directory-Services-SAM"
"17/03/2026 09:04:11","5","Information","Microsoft-Windows-IsolatedUserMode"
"17/03/2026 09:04:11","6156","Information","LsaSrv"
"17/03/2026 09:04:11","12","Information","Microsoft-Windows-Wininit"
"17/03/2026 09:04:11","18","Information","Microsoft-Windows-Wininit"
"17/03/2026 09:04:11","1","Information","Microsoft-Windows-IsolatedUserMode"
"17/03/2026 09:04:11","5","Information","Microsoft-Windows-IsolatedUserMode"
"17/03/2026 09:04:11","14","Information","Microsoft-Windows-Wininit"
"17/03/2026 09:04:11","23","Information","Microsoft-Windows-Wininit"
"17/03/2026 09:04:11","25","Information","Microsoft-Windows-Wininit"
"17/03/2026 09:04:11","24","Information","Microsoft-Windows-Wininit"
"17/03/2026 09:04:11","19","Information","Microsoft-Windows-Wininit"
"17/03/2026 09:04:11","21","Information","Microsoft-Windows-Wininit"
"17/03/2026 09:04:10","98","Information","Microsoft-Windows-Ntfs"
"17/03/2026 09:04:10","98","Information","Microsoft-Windows-Ntfs"
"17/03/2026 09:04:09","219","Avertissement","Microsoft-Windows-Kernel-PnP"
"17/03/2026 09:04:09","10118","Information","Microsoft-Windows-DriverFrameworks-UserMode"
"17/03/2026 09:04:09","18","Information","BTHUSB"
"17/03/2026 09:04:07","21","Information","ADIAmpDriver"
"17/03/2026 09:04:07","219","Avertissement","Microsoft-Windows-Kernel-PnP"
"17/03/2026 09:04:07","10118","Information","Microsoft-Windows-DriverFrameworks-UserMode"
"17/03/2026 09:04:07","219","Avertissement","Microsoft-Windows-Kernel-PnP"
"17/03/2026 09:04:07","10118","Information","Microsoft-Windows-DriverFrameworks-UserMode"
"17/03/2026 09:04:07","28","Information","Intel-SST-OED"
"17/03/2026 09:04:07","28","Information","Intel-SST-OED"
"17/03/2026 09:04:07","28","Information","Intel-SST-OED"
"17/03/2026 09:04:07","28","Information","Intel-SST-OED"
"17/03/2026 09:04:06","4","Information","ADIAmpDriver"
"17/03/2026 09:04:06","26","Information","ADIAmpDriver"
"17/03/2026 09:04:06","7017","Information","Netwtw14"
"17/03/2026 09:04:06","7010","Information","Netwtw14"
"17/03/2026 09:04:06","7002","Information","Netwtw14"
"17/03/2026 09:04:06","7005","Information","Netwtw14"
"17/03/2026 09:04:06","7006","Information","Netwtw14"
"17/03/2026 09:04:06","7027","Information","Netwtw14"
"17/03/2026 09:04:06","7029","Information","Netwtw14"
"17/03/2026 09:04:06","7036","Information","Netwtw14"
"17/03/2026 09:04:05","4096","Information","nipcibrd"
"17/03/2026 09:04:05","4096","Information","nipcibrd"
"17/03/2026 09:04:04","521","Information","Microsoft-Windows-Kernel-Power"
"17/03/2026 09:04:04","521","Information","Microsoft-Windows-Kernel-Power"
"17/03/2026 09:04:04","12","Erreur","VBoxNetLwf"
"17/03/2026 09:04:04","55","Information","Microsoft-Windows-Kernel-Processor-Power"
"17/03/2026 09:04:04","55","Information","Microsoft-Windows-Kernel-Processor-Power"
"17/03/2026 09:04:04","55","Information","Microsoft-Windows-Kernel-Processor-Power"
"17/03/2026 09:04:04","55","Information","Microsoft-Windows-Kernel-Processor-Power"
"17/03/2026 09:04:04","55","Information","Microsoft-Windows-Kernel-Processor-Power"
"17/03/2026 09:04:04","55","Information","Microsoft-Windows-Kernel-Processor-Power"
"17/03/2026 09:04:04","55","Information","Microsoft-Windows-Kernel-Processor-Power"
"17/03/2026 09:04:04","55","Information","Microsoft-Windows-Kernel-Processor-Power"
"17/03/2026 09:04:04","55","Information","Microsoft-Windows-Kernel-Processor-Power"
"17/03/2026 09:04:04","55","Information","Microsoft-Windows-Kernel-Processor-Power"
"17/03/2026 09:04:04","55","Information","Microsoft-Windows-Kernel-Processor-Power"
"17/03/2026 09:04:04","55","Information","Microsoft-Windows-Kernel-Processor-Power"
"17/03/2026 09:04:04","55","Information","Microsoft-Windows-Kernel-Processor-Power"
"17/03/2026 09:04:04","55","Information","Microsoft-Windows-Kernel-Processor-Power"
"17/03/2026 09:04:04","55","Information","Microsoft-Windows-Kernel-Processor-Power"
"17/03/2026 09:04:04","2","Information","MEIx64"
"17/03/2026 09:04:04","55","Information","Microsoft-Windows-Kernel-Processor-Power"
"17/03/2026 09:04:04","55","Information","Microsoft-Windows-Kernel-Processor-Power"
"17/03/2026 09:04:04","55","Information","Microsoft-Windows-Kernel-Processor-Power"
"17/03/2026 09:04:04","55","Information","Microsoft-Windows-Kernel-Processor-Power"
"17/03/2026 09:04:04","55","Information","Microsoft-Windows-Kernel-Processor-Power"
"17/03/2026 09:04:04","55","Information","Microsoft-Windows-Kernel-Processor-Power"
"17/03/2026 09:04:04","55","Information","Microsoft-Windows-Kernel-Processor-Power"
"17/03/2026 09:04:01","24","Information","Microsoft-Windows-Kernel-General"
"17/03/2026 09:04:01","15","Information","Microsoft-Windows-Kernel-General"
"17/03/2026 09:03:57","219","Avertissement","Microsoft-Windows-Kernel-PnP"
"17/03/2026 09:03:57","10118","Information","Microsoft-Windows-DriverFrameworks-UserMode"
"17/03/2026 09:03:56","16","Information","Microsoft-Windows-Kernel-General"
"17/03/2026 09:03:56","16","Information","Microsoft-Windows-Kernel-General"
"17/03/2026 09:03:56","16","Information","Microsoft-Windows-Kernel-General"
"17/03/2026 09:03:56","125","Information","Microsoft-Windows-Kernel-Power"
"17/03/2026 09:03:56","125","Information","Microsoft-Windows-Kernel-Power"
"17/03/2026 09:03:56","6","Information","Microsoft-Windows-FilterManager"
"17/03/2026 09:03:55","7036","Information","VfpExt"
"17/03/2026 09:03:55","7036","Information","VfpExt"
"17/03/2026 09:03:55","6","Information","Microsoft-Windows-FilterManager"
"17/03/2026 09:03:55","6","Information","Microsoft-Windows-FilterManager"
"17/03/2026 09:03:55","98","Information","Microsoft-Windows-Ntfs"
"17/03/2026 09:03:53","6","Information","Microsoft-Windows-FilterManager"
"17/03/2026 09:03:53","6","Information","Microsoft-Windows-FilterManager"
"17/03/2026 09:03:53","6","Information","Microsoft-Windows-FilterManager"
"17/03/2026 09:03:53","6","Information","Microsoft-Windows-FilterManager"
"17/03/2026 09:03:53","4096","Information","nipcibrd"
"17/03/2026 09:03:53","16","Information","Microsoft-Windows-HAL"
"17/03/2026 09:03:52","20","Information","Microsoft-Windows-Kernel-General"
"17/03/2026 09:03:52","30","Information","Microsoft-Windows-Kernel-Boot"
"17/03/2026 09:03:52","3","Information","Microsoft-Windows-IsolatedUserMode"
"17/03/2026 09:03:52","165","Information","Microsoft-Windows-Hyper-V-Hypervisor"
"17/03/2026 09:03:52","156","Information","Microsoft-Windows-Hyper-V-Hypervisor"
"17/03/2026 09:03:52","129","Information","Microsoft-Windows-Hyper-V-Hypervisor"
"17/03/2026 09:03:52","2","Information","Microsoft-Windows-Hyper-V-Hypervisor"
"17/03/2026 09:03:52","1","Information","Microsoft-Windows-Hyper-V-Hypervisor"
"17/03/2026 09:03:52","27","Information","Microsoft-Windows-Kernel-Boot"
"17/03/2026 09:03:52","25","Information","Microsoft-Windows-Kernel-Boot"
"17/03/2026 09:03:52","242","Information","Microsoft-Windows-Kernel-Boot"
"17/03/2026 09:03:52","272","Information","Microsoft-Windows-Kernel-Boot"
"17/03/2026 09:03:52","238","Information","Microsoft-Windows-Kernel-Boot"
"17/03/2026 09:03:52","247","Information","Microsoft-Windows-Kernel-Boot"
"17/03/2026 09:03:52","20","Information","Microsoft-Windows-Kernel-Boot"
"17/03/2026 09:03:52","32","Information","Microsoft-Windows-Kernel-Boot"
"17/03/2026 09:03:52","18","Information","Microsoft-Windows-Kernel-Boot"
"17/03/2026 09:03:52","153","Information","Microsoft-Windows-Kernel-Boot"
"17/03/2026 09:03:52","25","Information","Microsoft-Windows-Kernel-General"
"17/03/2026 09:03:52","12","Information","Microsoft-Windows-Kernel-General"
"16/03/2026 23:16:20","13","Information","Microsoft-Windows-Kernel-General"
"16/03/2026 23:16:20","577","Information","Microsoft-Windows-Kernel-Power"
"16/03/2026 23:16:17","109","Information","Microsoft-Windows-Kernel-Power"
"16/03/2026 23:16:14","4001","Information","Microsoft-Windows-WLAN-AutoConfig"
"16/03/2026 23:16:14","10002","Avertissement","Microsoft-Windows-WLAN-AutoConfig"
"16/03/2026 23:16:13","117","Information","Microsoft-Windows-HttpService"
"16/03/2026 23:16:13","114","Information","Microsoft-Windows-HttpService"
"17/03/2026 09:04:12","6013","Information","EventLog"
"17/03/2026 09:04:12","6005","Information","EventLog"
"17/03/2026 09:04:12","6009","Information","EventLog"
"16/03/2026 23:16:12","50037","Information","Microsoft-Windows-Dhcp-Client"
"16/03/2026 23:16:12","50106","Information","Microsoft-Windows-Dhcp-Client"
"16/03/2026 23:16:12","51057","Information","Microsoft-Windows-DHCPv6-Client"
"16/03/2026 23:16:12","51057","Information","Microsoft-Windows-DHCPv6-Client"
"16/03/2026 23:16:12","51057","Information","Microsoft-Windows-DHCPv6-Client"
"16/03/2026 23:16:12","51047","Information","Microsoft-Windows-DHCPv6-Client"
"16/03/2026 23:16:12","50105","Information","Microsoft-Windows-Dhcp-Client"
"16/03/2026 23:16:12","50104","Information","Microsoft-Windows-Dhcp-Client"
"16/03/2026 23:16:12","6006","Information","EventLog"
"16/03/2026 23:16:09","0","Information","Intel Connectivity Network Service"
"16/03/2026 23:16:09","2","Information","Microsoft-Windows-IsolatedUserMode"
"16/03/2026 23:16:08","7002","Information","Microsoft-Windows-Winlogon"
"16/03/2026 23:16:08","0","Information","Intel Analytics Service"
"16/03/2026 23:16:08","16","Information","Intel Analytics Service"
"16/03/2026 23:16:08","16","Information","Intel Connectivity Network Service"
"16/03/2026 23:16:08","16","Information","Microsoft-Windows-Kernel-General"
"16/03/2026 23:16:07","100","Avertissement","winsrvext"
"16/03/2026 23:16:01","10010","Erreur","Microsoft-Windows-DistributedCOM"
"16/03/2026 23:16:01","10010","Erreur","Microsoft-Windows-DistributedCOM"
"16/03/2026 23:16:01","16","Information","Microsoft-Windows-Kernel-General"
"16/03/2026 23:16:01","16","Information","Microsoft-Windows-Kernel-General"
"16/03/2026 23:16:01","16","Information","Microsoft-Windows-Kernel-General"
"16/03/2026 23:16:01","1074","Information","User32"
"16/03/2026 21:41:24","7040","Information","Service Control Manager"
"16/03/2026 21:39:19","7040","Information","Service Control Manager"
"16/03/2026 21:27:04","7040","Information","Service Control Manager"
"16/03/2026 21:24:59","7040","Information","Service Control Manager"
"16/03/2026 21:24:58","16","Information","Microsoft-Windows-Kernel-General"
"16/03/2026 21:22:42","19","Information","Microsoft-Windows-WindowsUpdateClient"
"16/03/2026 21:22:25","43","Information","Microsoft-Windows-WindowsUpdateClient"
"16/03/2026 21:22:25","44","Information","Microsoft-Windows-WindowsUpdateClient"
"16/03/2026 20:32:38","12","Information","Microsoft-Windows-UserModePowerService"
"16/03/2026 20:32:38","105","Information","Microsoft-Windows-Kernel-Power"
"16/03/2026 19:42:56","114","Information","Microsoft-Windows-HttpService"
"16/03/2026 19:42:56","7040","Information","Service Control Manager"
"16/03/2026 19:40:49","113","Information","Microsoft-Windows-HttpService"
"16/03/2026 19:40:49","114","Information","Microsoft-Windows-HttpService"
"16/03/2026 19:40:44","113","Information","Microsoft-Windows-HttpService"
"16/03/2026 19:40:40","7040","Information","Service Control Manager"
"16/03/2026 17:41:07","22","Information","Microsoft-Windows-Wininit"
"16/03/2026 16:39:56","16","Information","Microsoft-Windows-Kernel-General"
"16/03/2026 16:39:30","16","Information","Microsoft-Windows-Kernel-General"
"16/03/2026 15:47:44","33","Information","Volsnap"
"16/03/2026 15:41:19","7040","Information","Service Control Manager"
"16/03/2026 15:38:57","1808","Information","Microsoft-Windows-TPM-WMI"
"16/03/2026 15:38:57","7040","Information","Service Control Manager"
"16/03/2026 15:38:56","12","Information","Microsoft-Windows-UserModePowerService"
"16/03/2026 15:38:55","12","Information","Microsoft-Windows-UserModePowerService"
"16/03/2026 15:38:55","105","Information","Microsoft-Windows-Kernel-Power"
"16/03/2026 14:50:08","19","Information","Microsoft-Windows-WindowsUpdateClient"
"16/03/2026 14:49:53","43","Information","Microsoft-Windows-WindowsUpdateClient"
"16/03/2026 14:49:53","44","Information","Microsoft-Windows-WindowsUpdateClient"
"16/03/2026 14:47:31","7040","Information","Service Control Manager"
"16/03/2026 14:45:16","7040","Information","Service Control Manager"
"16/03/2026 14:44:25","1","Information","Microsoft-Windows-Kernel-General"
"16/03/2026 14:44:25","21","Erreur","Microsoft-Windows-HAL"
"16/03/2026 14:44:25","20","Erreur","Microsoft-Windows-HAL"
"16/03/2026 14:44:25","24","Information","Microsoft-Windows-Kernel-General"
"16/03/2026 14:42:29","4","Information","Virtual Disk Service"
"16/03/2026 14:42:27","3","Information","Virtual Disk Service"
"16/03/2026 14:41:29","10016","Avertissement","Microsoft-Windows-DistributedCOM"
"16/03/2026 14:41:28","0","Information","Intel Connectivity Network Service"
"16/03/2026 14:41:28","16","Information","Intel Connectivity Network Service"
"16/03/2026 14:41:28","0","Information","Intel Analytics Service"
"16/03/2026 14:41:28","16","Information","Intel Analytics Service"
"16/03/2026 14:40:32","1","Information","Microsoft-Windows-Kernel-General"
"16/03/2026 14:40:32","21","Erreur","Microsoft-Windows-HAL"
"16/03/2026 14:40:32","20","Erreur","Microsoft-Windows-HAL"
"16/03/2026 14:40:32","24","Information","Microsoft-Windows-Kernel-General"
"16/03/2026 14:40:24","37","Avertissement","Microsoft-Windows-Kernel-Processor-Power"
"16/03/2026 14:40:24","37","Avertissement","Microsoft-Windows-Kernel-Processor-Power"
"16/03/2026 14:40:24","37","Avertissement","Microsoft-Windows-Kernel-Processor-Power"
"16/03/2026 14:40:24","37","Avertissement","Microsoft-Windows-Kernel-Processor-Power"
"16/03/2026 14:40:24","37","Avertissement","Microsoft-Windows-Kernel-Processor-Power"
"16/03/2026 14:40:24","37","Avertissement","Microsoft-Windows-Kernel-Processor-Power"
"16/03/2026 14:40:24","37","Avertissement","Microsoft-Windows-Kernel-Processor-Power"
"16/03/2026 14:40:24","37","Avertissement","Microsoft-Windows-Kernel-Processor-Power"
"16/03/2026 14:40:24","37","Avertissement","Microsoft-Windows-Kernel-Processor-Power"
"16/03/2026 14:40:24","37","Avertissement","Microsoft-Windows-Kernel-Processor-Power"
"16/03/2026 14:39:55","6062","Avertissement","Netwtw14"
"19/03/2026 11:59:22","4624","Information","Microsoft-Windows-Security-Auditing"
"19/03/2026 11:57:05","4624","Information","Microsoft-Windows-Security-Auditing"
"19/03/2026 11:55:02","4624","Information","Microsoft-Windows-Security-Auditing"
"19/03/2026 11:54:31","4624","Information","Microsoft-Windows-Security-Auditing"
"19/03/2026 11:54:30","4624","Information","Microsoft-Windows-Security-Auditing"
"19/03/2026 11:54:25","4624","Information","Microsoft-Windows-Security-Auditing"
"19/03/2026 11:54:25","4624","Information","Microsoft-Windows-Security-Auditing"
"19/03/2026 11:54:25","4624","Information","Microsoft-Windows-Security-Auditing"
"19/03/2026 11:54:21","4624","Information","Microsoft-Windows-Security-Auditing"
"19/03/2026 11:43:35","4624","Information","Microsoft-Windows-Security-Auditing"
"19/03/2026 11:39:30","4624","Information","Microsoft-Windows-Security-Auditing"
"19/03/2026 11:38:33","4624","Information","Microsoft-Windows-Security-Auditing"
"19/03/2026 11:38:16","4624","Information","Microsoft-Windows-Security-Auditing"
"19/03/2026 11:35:19","4624","Information","Microsoft-Windows-Security-Auditing"
"19/03/2026 11:30:16","4624","Information","Microsoft-Windows-Security-Auditing"
"19/03/2026 11:30:05","4624","Information","Microsoft-Windows-Security-Auditing"
"19/03/2026 11:30:03","4624","Information","Microsoft-Windows-Security-Auditing"
"19/03/2026 11:30:02","4624","Information","Microsoft-Windows-Security-Auditing"
"19/03/2026 11:30:01","4624","Information","Microsoft-Windows-Security-Auditing"
"19/03/2026 11:24:30","4624","Information","Microsoft-Windows-Security-Auditing"
"19/03/2026 11:22:32","4624","Information","Microsoft-Windows-Security-Auditing"
"19/03/2026 11:21:44","4624","Information","Microsoft-Windows-Security-Auditing"
"19/03/2026 11:15:49","4624","Information","Microsoft-Windows-Security-Auditing"
"19/03/2026 11:09:30","4624","Information","Microsoft-Windows-Security-Auditing"
"19/03/2026 11:02:38","4624","Information","Microsoft-Windows-Security-Auditing"
"19/03/2026 11:02:37","4624","Information","Microsoft-Windows-Security-Auditing"
"19/03/2026 10:54:29","4624","Information","Microsoft-Windows-Security-Auditing"
"19/03/2026 10:53:15","4624","Information","Microsoft-Windows-Security-Auditing"
"19/03/2026 10:46:32","4624","Information","Microsoft-Windows-Security-Auditing"
"19/03/2026 10:46:28","4624","Information","Microsoft-Windows-Security-Auditing"
"19/03/2026 10:46:27","4624","Information","Microsoft-Windows-Security-Auditing"
"19/03/2026 10:45:01","4624","Information","Microsoft-Windows-Security-Auditing"
"19/03/2026 10:39:29","4624","Information","Microsoft-Windows-Security-Auditing"
"19/03/2026 10:30:07","4624","Information","Microsoft-Windows-Security-Auditing"
"19/03/2026 10:24:29","4624","Information","Microsoft-Windows-Security-Auditing"
"19/03/2026 10:20:24","4624","Information","Microsoft-Windows-Security-Auditing"
"19/03/2026 10:20:24","4624","Information","Microsoft-Windows-Security-Auditing"
"19/03/2026 10:20:11","4624","Information","Microsoft-Windows-Security-Auditing"
"19/03/2026 10:09:25","4624","Information","Microsoft-Windows-Security-Auditing"
"19/03/2026 10:09:22","4624","Information","Microsoft-Windows-Security-Auditing"
"19/03/2026 10:07:33","4624","Information","Microsoft-Windows-Security-Auditing"
"19/03/2026 10:04:52","4624","Information","Microsoft-Windows-Security-Auditing"
"19/03/2026 10:04:48","4624","Information","Microsoft-Windows-Security-Auditing"
"19/03/2026 10:04:42","4624","Information","Microsoft-Windows-Security-Auditing"
"19/03/2026 10:04:28","4624","Information","Microsoft-Windows-Security-Auditing"
"19/03/2026 10:04:24","4624","Information","Microsoft-Windows-Security-Auditing"
"19/03/2026 10:04:23","4624","Information","Microsoft-Windows-Security-Auditing"
"19/03/2026 10:04:16","4624","Information","Microsoft-Windows-Security-Auditing"
"19/03/2026 10:03:42","4624","Information","Microsoft-Windows-Security-Auditing"
"19/03/2026 10:03:42","4624","Information","Microsoft-Windows-Security-Auditing"
"19/03/2026 10:02:41","4624","Information","Microsoft-Windows-Security-Auditing"
"19/03/2026 10:00:44","4624","Information","Microsoft-Windows-Security-Auditing"
"19/03/2026 10:00:33","4624","Information","Microsoft-Windows-Security-Auditing"
"19/03/2026 09:59:41","4624","Information","Microsoft-Windows-Security-Auditing"
"19/03/2026 09:59:29","4624","Information","Microsoft-Windows-Security-Auditing"
"19/03/2026 09:58:16","4624","Information","Microsoft-Windows-Security-Auditing"
"19/03/2026 09:57:28","4624","Information","Microsoft-Windows-Security-Auditing"
"19/03/2026 09:56:41","4624","Information","Microsoft-Windows-Security-Auditing"
"19/03/2026 09:56:34","4624","Information","Microsoft-Windows-Security-Auditing"
"19/03/2026 09:56:33","4624","Information","Microsoft-Windows-Security-Auditing"
"19/03/2026 09:56:33","4624","Information","Microsoft-Windows-Security-Auditing"
"19/03/2026 09:56:33","4624","Information","Microsoft-Windows-Security-Auditing"
"19/03/2026 09:56:32","4624","Information","Microsoft-Windows-Security-Auditing"
"19/03/2026 09:56:22","4624","Information","Microsoft-Windows-Security-Auditing"
"19/03/2026 09:56:21","4624","Information","Microsoft-Windows-Security-Auditing"
"19/03/2026 09:55:16","4624","Information","Microsoft-Windows-Security-Auditing"
"19/03/2026 09:55:15","4624","Information","Microsoft-Windows-Security-Auditing"
"19/03/2026 09:54:37","4624","Information","Microsoft-Windows-Security-Auditing"
"19/03/2026 09:54:34","4624","Information","Microsoft-Windows-Security-Auditing"
"19/03/2026 09:54:34","4624","Information","Microsoft-Windows-Security-Auditing"
"19/03/2026 09:54:34","4624","Information","Microsoft-Windows-Security-Auditing"
"19/03/2026 09:54:34","4624","Information","Microsoft-Windows-Security-Auditing"
"19/03/2026 09:54:33","4624","Information","Microsoft-Windows-Security-Auditing"
"19/03/2026 09:54:32","4624","Information","Microsoft-Windows-Security-Auditing"
"19/03/2026 09:54:32","4624","Information","Microsoft-Windows-Security-Auditing"
"19/03/2026 09:54:30","4624","Information","Microsoft-Windows-Security-Auditing"
"19/03/2026 09:54:30","4624","Information","Microsoft-Windows-Security-Auditing"
"19/03/2026 09:54:30","4624","Information","Microsoft-Windows-Security-Auditing"
"19/03/2026 09:54:30","4624","Information","Microsoft-Windows-Security-Auditing"
"19/03/2026 09:54:30","4624","Information","Microsoft-Windows-Security-Auditing"
"19/03/2026 09:54:30","4624","Information","Microsoft-Windows-Security-Auditing"
"19/03/2026 09:54:27","4624","Information","Microsoft-Windows-Security-Auditing"
"19/03/2026 09:54:27","4624","Information","Microsoft-Windows-Security-Auditing"
"19/03/2026 09:54:26","4624","Information","Microsoft-Windows-Security-Auditing"
"19/03/2026 09:54:26","4624","Information","Microsoft-Windows-Security-Auditing"
"19/03/2026 09:54:26","4624","Information","Microsoft-Windows-Security-Auditing"
"19/03/2026 09:54:26","4624","Information","Microsoft-Windows-Security-Auditing"
"19/03/2026 09:54:25","4624","Information","Microsoft-Windows-Security-Auditing"
"19/03/2026 09:54:25","4624","Information","Microsoft-Windows-Security-Auditing"
"19/03/2026 09:54:25","4624","Information","Microsoft-Windows-Security-Auditing"
"19/03/2026 09:54:25","4624","Information","Microsoft-Windows-Security-Auditing"
"19/03/2026 09:54:24","4624","Information","Microsoft-Windows-Security-Auditing"
"19/03/2026 09:54:24","4624","Information","Microsoft-Windows-Security-Auditing"
"19/03/2026 09:54:24","4624","Information","Microsoft-Windows-Security-Auditing"
"19/03/2026 09:54:24","4624","Information","Microsoft-Windows-Security-Auditing"
"19/03/2026 09:54:24","4624","Information","Microsoft-Windows-Security-Auditing"
"19/03/2026 09:54:24","4624","Information","Microsoft-Windows-Security-Auditing"
"19/03/2026 09:54:24","4624","Information","Microsoft-Windows-Security-Auditing"
"19/03/2026 09:54:24","4624","Information","Microsoft-Windows-Security-Auditing"
"19/03/2026 09:54:24","4624","Information","Microsoft-Windows-Security-Auditing"
"19/03/2026 09:54:24","4624","Information","Microsoft-Windows-Security-Auditing"
"19/03/2026 09:54:24","4625","Information","Microsoft-Windows-Security-Auditing"
"19/03/2026 09:54:23","4625","Information","Microsoft-Windows-Security-Auditing"
"19/03/2026 09:54:23","4625","Information","Microsoft-Windows-Security-Auditing"
"19/03/2026 09:54:23","4625","Information","Microsoft-Windows-Security-Auditing"
"19/03/2026 09:54:23","4625","Information","Microsoft-Windows-Security-Auditing"
"19/03/2026 09:54:22","4624","Information","Microsoft-Windows-Security-Auditing"
"19/03/2026 09:54:22","4624","Information","Microsoft-Windows-Security-Auditing"
"19/03/2026 09:54:22","4624","Information","Microsoft-Windows-Security-Auditing"
"19/03/2026 09:54:22","4624","Information","Microsoft-Windows-Security-Auditing"
"19/03/2026 09:54:22","4624","Information","Microsoft-Windows-Security-Auditing"
"19/03/2026 09:54:22","4624","Information","Microsoft-Windows-Security-Auditing"
"19/03/2026 09:54:22","4624","Information","Microsoft-Windows-Security-Auditing"
"19/03/2026 09:54:22","4624","Information","Microsoft-Windows-Security-Auditing"
"19/03/2026 09:54:22","4624","Information","Microsoft-Windows-Security-Auditing"
"19/03/2026 09:54:22","4624","Information","Microsoft-Windows-Security-Auditing"
"19/03/2026 09:54:22","4624","Information","Microsoft-Windows-Security-Auditing"
"19/03/2026 09:54:21","4624","Information","Microsoft-Windows-Security-Auditing"
"19/03/2026 09:54:21","4624","Information","Microsoft-Windows-Security-Auditing"
"19/03/2026 09:54:21","4624","Information","Microsoft-Windows-Security-Auditing"
"19/03/2026 09:54:21","4624","Information","Microsoft-Windows-Security-Auditing"
"19/03/2026 09:54:21","4624","Information","Microsoft-Windows-Security-Auditing"
"19/03/2026 09:54:21","4624","Information","Microsoft-Windows-Security-Auditing"
"19/03/2026 09:54:21","4624","Information","Microsoft-Windows-Security-Auditing"
"19/03/2026 09:54:21","4624","Information","Microsoft-Windows-Security-Auditing"
"19/03/2026 09:54:21","4624","Information","Microsoft-Windows-Security-Auditing"
"19/03/2026 09:54:21","4624","Information","Microsoft-Windows-Security-Auditing"
"19/03/2026 09:54:21","4624","Information","Microsoft-Windows-Security-Auditing"
"19/03/2026 09:54:21","4624","Information","Microsoft-Windows-Security-Auditing"
"19/03/2026 09:54:21","4624","Information","Microsoft-Windows-Security-Auditing"
"19/03/2026 09:54:21","4624","Information","Microsoft-Windows-Security-Auditing"
"19/03/2026 09:54:21","4624","Information","Microsoft-Windows-Security-Auditing"
"19/03/2026 09:54:21","4624","Information","Microsoft-Windows-Security-Auditing"
"19/03/2026 09:54:21","4624","Information","Microsoft-Windows-Security-Auditing"
"19/03/2026 09:54:21","4624","Information","Microsoft-Windows-Security-Auditing"
"19/03/2026 09:54:21","4624","Information","Microsoft-Windows-Security-Auditing"
"19/03/2026 09:54:21","4624","Information","Microsoft-Windows-Security-Auditing"
"19/03/2026 09:54:21","4624","Information","Microsoft-Windows-Security-Auditing"
"19/03/2026 09:54:21","4624","Information","Microsoft-Windows-Security-Auditing"
"19/03/2026 09:54:21","4624","Information","Microsoft-Windows-Security-Auditing"
"19/03/2026 09:54:21","4624","Information","Microsoft-Windows-Security-Auditing"
"19/03/2026 09:54:21","4624","Information","Microsoft-Windows-Security-Auditing"
"19/03/2026 09:54:21","4624","Information","Microsoft-Windows-Security-Auditing"
"19/03/2026 09:54:21","4624","Information","Microsoft-Windows-Security-Auditing"
"19/03/2026 09:54:21","4624","Information","Microsoft-Windows-Security-Auditing"
"19/03/2026 09:54:21","4624","Information","Microsoft-Windows-Security-Auditing"
"19/03/2026 09:54:21","4624","Information","Microsoft-Windows-Security-Auditing"
"19/03/2026 09:54:21","4624","Information","Microsoft-Windows-Security-Auditing"
"19/03/2026 09:54:21","4624","Information","Microsoft-Windows-Security-Auditing"
"19/03/2026 09:54:21","4624","Information","Microsoft-Windows-Security-Auditing"
"19/03/2026 09:54:21","4624","Information","Microsoft-Windows-Security-Auditing"
"19/03/2026 09:54:21","4624","Information","Microsoft-Windows-Security-Auditing"
"19/03/2026 09:54:21","4624","Information","Microsoft-Windows-Security-Auditing"
"19/03/2026 09:54:20","4624","Information","Microsoft-Windows-Security-Auditing"
"18/03/2026 22:57:12","4624","Information","Microsoft-Windows-Security-Auditing"
"18/03/2026 22:52:47","4624","Information","Microsoft-Windows-Security-Auditing"
"18/03/2026 22:52:44","4624","Information","Microsoft-Windows-Security-Auditing"
"18/03/2026 22:52:44","4624","Information","Microsoft-Windows-Security-Auditing"
"18/03/2026 22:52:43","4624","Information","Microsoft-Windows-Security-Auditing"
"18/03/2026 22:52:43","4624","Information","Microsoft-Windows-Security-Auditing"
"18/03/2026 22:49:39","4624","Information","Microsoft-Windows-Security-Auditing"
"18/03/2026 22:34:39","4624","Information","Microsoft-Windows-Security-Auditing"
"18/03/2026 22:26:41","4624","Information","Microsoft-Windows-Security-Auditing"
"18/03/2026 22:19:38","4624","Information","Microsoft-Windows-Security-Auditing"
"18/03/2026 22:17:42","4624","Information","Microsoft-Windows-Security-Auditing"
"18/03/2026 22:14:32","4624","Information","Microsoft-Windows-Security-Auditing"
"18/03/2026 22:12:47","4624","Information","Microsoft-Windows-Security-Auditing"
"18/03/2026 22:12:47","4624","Information","Microsoft-Windows-Security-Auditing"
"18/03/2026 22:12:42","4624","Information","Microsoft-Windows-Security-Auditing"
"18/03/2026 22:12:42","4624","Information","Microsoft-Windows-Security-Auditing"
"18/03/2026 22:07:19","4624","Information","Microsoft-Windows-Security-Auditing"
"18/03/2026 22:04:38","4624","Information","Microsoft-Windows-Security-Auditing"
"18/03/2026 22:03:05","4624","Information","Microsoft-Windows-Security-Auditing"
"18/03/2026 21:56:13","4624","Information","Microsoft-Windows-Security-Auditing"
"18/03/2026 21:49:38","4624","Information","Microsoft-Windows-Security-Auditing"
"18/03/2026 21:49:11","4624","Information","Microsoft-Windows-Security-Auditing"
"18/03/2026 21:46:21","4624","Information","Microsoft-Windows-Security-Auditing"
"18/03/2026 21:34:38","4624","Information","Microsoft-Windows-Security-Auditing"
"18/03/2026 21:19:38","4624","Information","Microsoft-Windows-Security-Auditing"
"18/03/2026 21:12:30","4624","Information","Microsoft-Windows-Security-Auditing"
"18/03/2026 21:04:38","4624","Information","Microsoft-Windows-Security-Auditing"
"18/03/2026 21:04:19","4624","Information","Microsoft-Windows-Security-Auditing"
"18/03/2026 21:03:54","4624","Information","Microsoft-Windows-Security-Auditing"
"18/03/2026 20:56:13","4624","Information","Microsoft-Windows-Security-Auditing"
"18/03/2026 20:49:38","4624","Information","Microsoft-Windows-Security-Auditing"
"18/03/2026 20:34:38","4624","Information","Microsoft-Windows-Security-Auditing"
"18/03/2026 20:24:07","4624","Information","Microsoft-Windows-Security-Auditing"
"18/03/2026 20:19:38","4624","Information","Microsoft-Windows-Security-Auditing"
"18/03/2026 20:19:23","4624","Information","Microsoft-Windows-Security-Auditing"
"18/03/2026 20:04:37","4624","Information","Microsoft-Windows-Security-Auditing"
"18/03/2026 20:02:16","4624","Information","Microsoft-Windows-Security-Auditing"
"18/03/2026 19:56:12","4624","Information","Microsoft-Windows-Security-Auditing"
"18/03/2026 19:55:07","4624","Information","Microsoft-Windows-Security-Auditing"
"18/03/2026 19:49:37","4624","Information","Microsoft-Windows-Security-Auditing"
"18/03/2026 19:45:27","4624","Information","Microsoft-Windows-Security-Auditing"
"18/03/2026 19:38:56","4624","Information","Microsoft-Windows-Security-Auditing"
"18/03/2026 19:34:37","4624","Information","Microsoft-Windows-Security-Auditing"
"18/03/2026 19:19:37","4624","Information","Microsoft-Windows-Security-Auditing"
"18/03/2026 19:05:55","4624","Information","Microsoft-Windows-Security-Auditing"
"18/03/2026 19:04:37","4624","Information","Microsoft-Windows-Security-Auditing"
"18/03/2026 18:56:12","4624","Information","Microsoft-Windows-Security-Auditing"
"18/03/2026 18:53:07","4624","Information","Microsoft-Windows-Security-Auditing"
"18/03/2026 18:49:47","4624","Information","Microsoft-Windows-Security-Auditing"
"18/03/2026 18:49:37","4624","Information","Microsoft-Windows-Security-Auditing"
"18/03/2026 18:48:15","4624","Information","Microsoft-Windows-Security-Auditing"
"18/03/2026 18:48:12","4624","Information","Microsoft-Windows-Security-Auditing"
"18/03/2026 18:43:25","4624","Information","Microsoft-Windows-Security-Auditing"
"18/03/2026 18:36:47","4624","Information","Microsoft-Windows-Security-Auditing"
"18/03/2026 18:34:37","4624","Information","Microsoft-Windows-Security-Auditing"
"18/03/2026 18:34:23","4624","Information","Microsoft-Windows-Security-Auditing"
"18/03/2026 18:34:07","4624","Information","Microsoft-Windows-Security-Auditing"
"18/03/2026 18:30:39","4624","Information","Microsoft-Windows-Security-Auditing"
"18/03/2026 18:29:40","4624","Information","Microsoft-Windows-Security-Auditing"
"18/03/2026 18:28:20","4624","Information","Microsoft-Windows-Security-Auditing"
"18/03/2026 18:28:16","4624","Information","Microsoft-Windows-Security-Auditing"
"18/03/2026 18:27:52","4624","Information","Microsoft-Windows-Security-Auditing"
"18/03/2026 18:27:38","4624","Information","Microsoft-Windows-Security-Auditing"
"18/03/2026 18:22:25","4624","Information","Microsoft-Windows-Security-Auditing"
"18/03/2026 18:21:29","4624","Information","Microsoft-Windows-Security-Auditing"
"18/03/2026 18:21:13","4624","Information","Microsoft-Windows-Security-Auditing"
"18/03/2026 18:21:13","4624","Information","Microsoft-Windows-Security-Auditing"
"18/03/2026 18:21:13","4624","Information","Microsoft-Windows-Security-Auditing"
"18/03/2026 18:21:12","4624","Information","Microsoft-Windows-Security-Auditing"
"18/03/2026 18:21:11","4624","Information","Microsoft-Windows-Security-Auditing"
"18/03/2026 18:21:03","4624","Information","Microsoft-Windows-Security-Auditing"
"18/03/2026 18:20:21","4624","Information","Microsoft-Windows-Security-Auditing"
"18/03/2026 18:20:19","4624","Information","Microsoft-Windows-Security-Auditing"
"18/03/2026 18:19:45","4624","Information","Microsoft-Windows-Security-Auditing"
"18/03/2026 18:19:44","4624","Information","Microsoft-Windows-Security-Auditing"
"18/03/2026 18:19:34","4624","Information","Microsoft-Windows-Security-Auditing"
"18/03/2026 18:19:25","4624","Information","Microsoft-Windows-Security-Auditing"
"18/03/2026 18:19:25","4624","Information","Microsoft-Windows-Security-Auditing"
"18/03/2026 18:19:24","4624","Information","Microsoft-Windows-Security-Auditing"
"18/03/2026 18:19:24","4624","Information","Microsoft-Windows-Security-Auditing"
"18/03/2026 18:19:23","4624","Information","Microsoft-Windows-Security-Auditing"
"18/03/2026 18:19:23","4624","Information","Microsoft-Windows-Security-Auditing"
"18/03/2026 18:19:23","4624","Information","Microsoft-Windows-Security-Auditing"
"18/03/2026 18:19:23","4624","Information","Microsoft-Windows-Security-Auditing"
"18/03/2026 18:19:18","4624","Information","Microsoft-Windows-Security-Auditing"
"18/03/2026 18:19:18","4624","Information","Microsoft-Windows-Security-Auditing"
"18/03/2026 18:19:18","4624","Information","Microsoft-Windows-Security-Auditing"
"18/03/2026 18:19:18","4624","Information","Microsoft-Windows-Security-Auditing"
"18/03/2026 18:19:15","4624","Information","Microsoft-Windows-Security-Auditing"
"18/03/2026 18:19:12","4624","Information","Microsoft-Windows-Security-Auditing"
"18/03/2026 18:19:12","4624","Information","Microsoft-Windows-Security-Auditing"
"18/03/2026 18:19:11","4624","Information","Microsoft-Windows-Security-Auditing"
"18/03/2026 18:19:11","4624","Information","Microsoft-Windows-Security-Auditing"
"18/03/2026 18:19:11","4624","Information","Microsoft-Windows-Security-Auditing"
"18/03/2026 18:19:11","4624","Information","Microsoft-Windows-Security-Auditing"
"18/03/2026 18:19:11","4624","Information","Microsoft-Windows-Security-Auditing"
"18/03/2026 18:19:11","4624","Information","Microsoft-Windows-Security-Auditing"
"18/03/2026 18:19:11","4624","Information","Microsoft-Windows-Security-Auditing"
"18/03/2026 18:19:10","4624","Information","Microsoft-Windows-Security-Auditing"
"18/03/2026 18:19:10","4624","Information","Microsoft-Windows-Security-Auditing"
"18/03/2026 18:19:10","4624","Information","Microsoft-Windows-Security-Auditing"
"18/03/2026 18:19:10","4624","Information","Microsoft-Windows-Security-Auditing"
"18/03/2026 18:19:10","4624","Information","Microsoft-Windows-Security-Auditing"
"18/03/2026 18:19:10","4624","Information","Microsoft-Windows-Security-Auditing"
"18/03/2026 18:19:10","4624","Information","Microsoft-Windows-Security-Auditing"
"18/03/2026 18:19:10","4624","Information","Microsoft-Windows-Security-Auditing"
"18/03/2026 18:19:10","4624","Information","Microsoft-Windows-Security-Auditing"
"18/03/2026 18:19:10","4624","Information","Microsoft-Windows-Security-Auditing"
"18/03/2026 18:19:10","4625","Information","Microsoft-Windows-Security-Auditing"
"18/03/2026 18:19:09","4625","Information","Microsoft-Windows-Security-Auditing"
"18/03/2026 18:19:09","4625","Information","Microsoft-Windows-Security-Auditing"
"18/03/2026 18:19:09","4625","Information","Microsoft-Windows-Security-Auditing"
"18/03/2026 18:19:09","4625","Information","Microsoft-Windows-Security-Auditing"
"18/03/2026 18:19:07","4624","Information","Microsoft-Windows-Security-Auditing"
"18/03/2026 18:19:07","4624","Information","Microsoft-Windows-Security-Auditing"
"18/03/2026 18:19:07","4624","Information","Microsoft-Windows-Security-Auditing"
"18/03/2026 18:19:07","4624","Information","Microsoft-Windows-Security-Auditing"
"18/03/2026 18:19:07","4624","Information","Microsoft-Windows-Security-Auditing"
"18/03/2026 18:19:07","4624","Information","Microsoft-Windows-Security-Auditing"
"18/03/2026 18:19:07","4624","Information","Microsoft-Windows-Security-Auditing"
"18/03/2026 18:19:07","4624","Information","Microsoft-Windows-Security-Auditing"
"18/03/2026 18:19:07","4624","Information","Microsoft-Windows-Security-Auditing"
"18/03/2026 18:19:07","4624","Information","Microsoft-Windows-Security-Auditing"
"18/03/2026 18:19:07","4624","Information","Microsoft-Windows-Security-Auditing"
"18/03/2026 18:19:07","4624","Information","Microsoft-Windows-Security-Auditing"
"18/03/2026 18:19:07","4624","Information","Microsoft-Windows-Security-Auditing"
"18/03/2026 18:19:07","4624","Information","Microsoft-Windows-Security-Auditing"
"18/03/2026 18:19:07","4624","Information","Microsoft-Windows-Security-Auditing"
"18/03/2026 18:19:07","4624","Information","Microsoft-Windows-Security-Auditing"
"18/03/2026 18:19:07","4624","Information","Microsoft-Windows-Security-Auditing"
"18/03/2026 18:19:06","4624","Information","Microsoft-Windows-Security-Auditing"
"18/03/2026 18:19:06","4624","Information","Microsoft-Windows-Security-Auditing"
"18/03/2026 18:19:06","4624","Information","Microsoft-Windows-Security-Auditing"
"18/03/2026 18:19:06","4624","Information","Microsoft-Windows-Security-Auditing"
"18/03/2026 18:19:06","4624","Information","Microsoft-Windows-Security-Auditing"
"18/03/2026 18:19:06","4624","Information","Microsoft-Windows-Security-Auditing"
"18/03/2026 18:19:06","4624","Information","Microsoft-Windows-Security-Auditing"
"18/03/2026 18:19:06","4624","Information","Microsoft-Windows-Security-Auditing"
"18/03/2026 18:19:06","4624","Information","Microsoft-Windows-Security-Auditing"
"18/03/2026 18:19:06","4624","Information","Microsoft-Windows-Security-Auditing"
"18/03/2026 18:19:06","4624","Information","Microsoft-Windows-Security-Auditing"
"18/03/2026 18:19:06","4624","Information","Microsoft-Windows-Security-Auditing"
"18/03/2026 18:19:06","4624","Information","Microsoft-Windows-Security-Auditing"
"18/03/2026 18:19:06","4624","Information","Microsoft-Windows-Security-Auditing"
"18/03/2026 18:19:06","4624","Information","Microsoft-Windows-Security-Auditing"
"18/03/2026 18:19:06","4624","Information","Microsoft-Windows-Security-Auditing"
"18/03/2026 18:19:06","4624","Information","Microsoft-Windows-Security-Auditing"
"18/03/2026 18:19:06","4624","Information","Microsoft-Windows-Security-Auditing"
"18/03/2026 18:19:06","4624","Information","Microsoft-Windows-Security-Auditing"
"18/03/2026 18:19:06","4624","Information","Microsoft-Windows-Security-Auditing"
"18/03/2026 18:19:06","4624","Information","Microsoft-Windows-Security-Auditing"
"18/03/2026 18:19:06","4624","Information","Microsoft-Windows-Security-Auditing"
"18/03/2026 18:19:06","4624","Information","Microsoft-Windows-Security-Auditing"
"18/03/2026 18:19:06","4624","Information","Microsoft-Windows-Security-Auditing"
"18/03/2026 18:19:06","4624","Information","Microsoft-Windows-Security-Auditing"
"18/03/2026 18:19:06","4624","Information","Microsoft-Windows-Security-Auditing"
"18/03/2026 18:19:06","4624","Information","Microsoft-Windows-Security-Auditing"
"18/03/2026 18:19:06","4624","Information","Microsoft-Windows-Security-Auditing"
"18/03/2026 18:19:06","4624","Information","Microsoft-Windows-Security-Auditing"
"18/03/2026 18:12:27","4624","Information","Microsoft-Windows-Security-Auditing"
"18/03/2026 18:11:32","4624","Information","Microsoft-Windows-Security-Auditing"
"18/03/2026 18:11:27","4624","Information","Microsoft-Windows-Security-Auditing"
"18/03/2026 18:10:55","4624","Information","Microsoft-Windows-Security-Auditing"
"18/03/2026 18:01:43","4624","Information","Microsoft-Windows-Security-Auditing"
"18/03/2026 18:00:10","4624","Information","Microsoft-Windows-Security-Auditing"
"18/03/2026 17:57:25","4624","Information","Microsoft-Windows-Security-Auditing"
"18/03/2026 17:55:45","4624","Information","Microsoft-Windows-Security-Auditing"
"18/03/2026 17:55:44","4624","Information","Microsoft-Windows-Security-Auditing"
"18/03/2026 17:55:44","4624","Information","Microsoft-Windows-Security-Auditing"
"18/03/2026 17:55:43","4624","Information","Microsoft-Windows-Security-Auditing"
"18/03/2026 17:55:26","4624","Information","Microsoft-Windows-Security-Auditing"
"18/03/2026 17:55:26","4624","Information","Microsoft-Windows-Security-Auditing"
"18/03/2026 17:55:21","4624","Information","Microsoft-Windows-Security-Auditing"
"18/03/2026 17:55:16","4624","Information","Microsoft-Windows-Security-Auditing"
"18/03/2026 17:54:15","4624","Information","Microsoft-Windows-Security-Auditing"
"18/03/2026 17:52:17","4624","Information","Microsoft-Windows-Security-Auditing"
"18/03/2026 17:49:21","4624","Information","Microsoft-Windows-Security-Auditing"
"18/03/2026 17:49:20","4624","Information","Microsoft-Windows-Security-Auditing"
"18/03/2026 17:49:16","4624","Information","Microsoft-Windows-Security-Auditing"
"18/03/2026 17:49:16","4624","Information","Microsoft-Windows-Security-Auditing"
"18/03/2026 17:42:49","4624","Information","Microsoft-Windows-Security-Auditing"
"18/03/2026 17:42:25","4624","Information","Microsoft-Windows-Security-Auditing"
"18/03/2026 17:27:25","4624","Information","Microsoft-Windows-Security-Auditing"
"18/03/2026 17:23:18","4624","Information","Microsoft-Windows-Security-Auditing"
"18/03/2026 17:18:21","4624","Information","Microsoft-Windows-Security-Auditing"
"18/03/2026 17:12:25","4624","Information","Microsoft-Windows-Security-Auditing"
"18/03/2026 17:08:36","4624","Information","Microsoft-Windows-Security-Auditing"
"18/03/2026 16:57:25","4624","Information","Microsoft-Windows-Security-Auditing"
"18/03/2026 16:56:09","4624","Information","Microsoft-Windows-Security-Auditing"
"18/03/2026 16:51:48","4624","Information","Microsoft-Windows-Security-Auditing"
"18/03/2026 16:51:45","4624","Information","Microsoft-Windows-Security-Auditing"
"18/03/2026 16:47:27","4624","Information","Microsoft-Windows-Security-Auditing"
"18/03/2026 16:44:10","4624","Information","Microsoft-Windows-Security-Auditing"
"18/03/2026 16:42:31","4624","Information","Microsoft-Windows-Security-Auditing"
"18/03/2026 16:42:25","4624","Information","Microsoft-Windows-Security-Auditing"
"18/03/2026 16:40:54","4624","Information","Microsoft-Windows-Security-Auditing"
"18/03/2026 16:40:54","4624","Information","Microsoft-Windows-Security-Auditing"
"18/03/2026 16:40:54","4624","Information","Microsoft-Windows-Security-Auditing"
"18/03/2026 16:40:18","4624","Information","Microsoft-Windows-Security-Auditing"
"18/03/2026 16:34:21","4624","Information","Microsoft-Windows-Security-Auditing"
"18/03/2026 16:27:54","4624","Information","Microsoft-Windows-Security-Auditing"
"18/03/2026 16:27:47","4624","Information","Microsoft-Windows-Security-Auditing"
"18/03/2026 16:27:25","4624","Information","Microsoft-Windows-Security-Auditing"
"18/03/2026 16:25:43","4624","Information","Microsoft-Windows-Security-Auditing"
"18/03/2026 16:19:39","4624","Information","Microsoft-Windows-Security-Auditing"
"18/03/2026 16:13:30","4624","Information","Microsoft-Windows-Security-Auditing"
"18/03/2026 16:12:25","4624","Information","Microsoft-Windows-Security-Auditing"
"18/03/2026 16:01:22","4624","Information","Microsoft-Windows-Security-Auditing"
"18/03/2026 15:55:42","4624","Information","Microsoft-Windows-Security-Auditing"
"18/03/2026 15:51:22","4624","Information","Microsoft-Windows-Security-Auditing"
"18/03/2026 15:51:15","4624","Information","Microsoft-Windows-Security-Auditing"
"18/03/2026 15:51:14","4624","Information","Microsoft-Windows-Security-Auditing"
"18/03/2026 15:51:07","4624","Information","Microsoft-Windows-Security-Auditing"
"18/03/2026 15:50:14","4624","Information","Microsoft-Windows-Security-Auditing"
"18/03/2026 15:48:44","4624","Information","Microsoft-Windows-Security-Auditing"
"18/03/2026 15:43:12","4624","Information","Microsoft-Windows-Security-Auditing"
"18/03/2026 15:37:23","4624","Information","Microsoft-Windows-Security-Auditing"
"18/03/2026 15:35:14","4624","Information","Microsoft-Windows-Security-Auditing"
"18/03/2026 15:29:19","4624","Information","Microsoft-Windows-Security-Auditing"
"18/03/2026 15:25:08","4624","Information","Microsoft-Windows-Security-Auditing"
"18/03/2026 15:25:08","4624","Information","Microsoft-Windows-Security-Auditing"
"18/03/2026 15:20:58","4624","Information","Microsoft-Windows-Security-Auditing"
"18/03/2026 15:20:48","4624","Information","Microsoft-Windows-Security-Auditing"
"18/03/2026 15:20:48","4624","Information","Microsoft-Windows-Security-Auditing"
"18/03/2026 15:20:10","4624","Information","Microsoft-Windows-Security-Auditing"
"18/03/2026 15:19:50","4624","Information","Microsoft-Windows-Security-Auditing"
"18/03/2026 15:16:54","4624","Information","Microsoft-Windows-Security-Auditing"
"18/03/2026 15:16:43","4624","Information","Microsoft-Windows-Security-Auditing"
"18/03/2026 15:16:38","4624","Information","Microsoft-Windows-Security-Auditing"
"18/03/2026 15:12:24","4624","Information","Microsoft-Windows-Security-Auditing"
"18/03/2026 15:09:11","4624","Information","Microsoft-Windows-Security-Auditing"
"18/03/2026 15:03:05","4624","Information","Microsoft-Windows-Security-Auditing"
"18/03/2026 14:58:12","4624","Information","Microsoft-Windows-Security-Auditing"
"18/03/2026 14:57:27","4624","Information","Microsoft-Windows-Security-Auditing"
"18/03/2026 14:57:24","4624","Information","Microsoft-Windows-Security-Auditing"
"18/03/2026 14:55:50","4624","Information","Microsoft-Windows-Security-Auditing"
"18/03/2026 14:53:17","4624","Information","Microsoft-Windows-Security-Auditing"
"18/03/2026 14:53:11","4624","Information","Microsoft-Windows-Security-Auditing"
"18/03/2026 14:51:02","4624","Information","Microsoft-Windows-Security-Auditing"
"18/03/2026 14:50:26","4624","Information","Microsoft-Windows-Security-Auditing"
"18/03/2026 14:49:46","4624","Information","Microsoft-Windows-Security-Auditing"
"18/03/2026 14:49:21","4624","Information","Microsoft-Windows-Security-Auditing"
"18/03/2026 14:48:16","4624","Information","Microsoft-Windows-Security-Auditing"
"18/03/2026 14:48:14","4624","Information","Microsoft-Windows-Security-Auditing"
"18/03/2026 14:46:37","4624","Information","Microsoft-Windows-Security-Auditing"
"18/03/2026 14:46:01","4624","Information","Microsoft-Windows-Security-Auditing"
"18/03/2026 14:46:00","4624","Information","Microsoft-Windows-Security-Auditing"
"18/03/2026 14:45:44","4624","Information","Microsoft-Windows-Security-Auditing"
"18/03/2026 14:44:59","4624","Information","Microsoft-Windows-Security-Auditing"
"18/03/2026 14:44:55","4624","Information","Microsoft-Windows-Security-Auditing"
"18/03/2026 14:44:35","4624","Information","Microsoft-Windows-Security-Auditing"
"18/03/2026 14:43:58","4624","Information","Microsoft-Windows-Security-Auditing"
"18/03/2026 14:43:57","4624","Information","Microsoft-Windows-Security-Auditing"
"18/03/2026 14:43:00","4624","Information","Microsoft-Windows-Security-Auditing"
"18/03/2026 14:42:57","4624","Information","Microsoft-Windows-Security-Auditing"
"18/03/2026 14:42:41","4624","Information","Microsoft-Windows-Security-Auditing"
"18/03/2026 14:42:38","4624","Information","Microsoft-Windows-Security-Auditing"
"18/03/2026 14:42:35","4624","Information","Microsoft-Windows-Security-Auditing"
"18/03/2026 14:42:34","4624","Information","Microsoft-Windows-Security-Auditing"
"18/03/2026 14:42:34","4624","Information","Microsoft-Windows-Security-Auditing"
"18/03/2026 14:42:33","4624","Information","Microsoft-Windows-Security-Auditing"
"18/03/2026 14:42:33","4624","Information","Microsoft-Windows-Security-Auditing"
"18/03/2026 14:42:32","4624","Information","Microsoft-Windows-Security-Auditing"
"18/03/2026 14:42:32","4624","Information","Microsoft-Windows-Security-Auditing"
"18/03/2026 14:42:32","4624","Information","Microsoft-Windows-Security-Auditing"
"18/03/2026 14:42:32","4624","Information","Microsoft-Windows-Security-Auditing"
"18/03/2026 14:42:32","4624","Information","Microsoft-Windows-Security-Auditing"
"18/03/2026 14:42:32","4624","Information","Microsoft-Windows-Security-Auditing"
"18/03/2026 14:42:31","4624","Information","Microsoft-Windows-Security-Auditing"
"18/03/2026 14:42:31","4624","Information","Microsoft-Windows-Security-Auditing"
"18/03/2026 14:42:31","4624","Information","Microsoft-Windows-Security-Auditing"
"18/03/2026 14:42:31","4624","Information","Microsoft-Windows-Security-Auditing"
"18/03/2026 14:42:31","4624","Information","Microsoft-Windows-Security-Auditing"
"18/03/2026 14:42:31","4624","Information","Microsoft-Windows-Security-Auditing"
"18/03/2026 14:42:31","4624","Information","Microsoft-Windows-Security-Auditing"
"18/03/2026 14:42:31","4624","Information","Microsoft-Windows-Security-Auditing"
"18/03/2026 14:42:30","4624","Information","Microsoft-Windows-Security-Auditing"
"18/03/2026 14:42:30","4624","Information","Microsoft-Windows-Security-Auditing"
"18/03/2026 14:42:30","4624","Information","Microsoft-Windows-Security-Auditing"
"18/03/2026 14:42:30","4624","Information","Microsoft-Windows-Security-Auditing"
"18/03/2026 14:42:30","4624","Information","Microsoft-Windows-Security-Auditing"
"18/03/2026 14:42:30","4624","Information","Microsoft-Windows-Security-Auditing"
"18/03/2026 14:42:30","4624","Information","Microsoft-Windows-Security-Auditing"
"18/03/2026 14:42:30","4624","Information","Microsoft-Windows-Security-Auditing"
"18/03/2026 14:42:30","4624","Information","Microsoft-Windows-Security-Auditing"
"18/03/2026 14:42:30","4624","Information","Microsoft-Windows-Security-Auditing"
"18/03/2026 14:42:30","4624","Information","Microsoft-Windows-Security-Auditing"
"18/03/2026 14:42:30","4624","Information","Microsoft-Windows-Security-Auditing"
"18/03/2026 14:42:30","4624","Information","Microsoft-Windows-Security-Auditing"
"18/03/2026 14:42:29","4625","Information","Microsoft-Windows-Security-Auditing"
"18/03/2026 14:42:29","4625","Information","Microsoft-Windows-Security-Auditing"
"18/03/2026 14:42:29","4625","Information","Microsoft-Windows-Security-Auditing"
"18/03/2026 14:42:29","4625","Information","Microsoft-Windows-Security-Auditing"
"18/03/2026 14:42:29","4625","Information","Microsoft-Windows-Security-Auditing"
"18/03/2026 14:42:27","4624","Information","Microsoft-Windows-Security-Auditing"
"18/03/2026 14:42:27","4624","Information","Microsoft-Windows-Security-Auditing"
"18/03/2026 14:42:27","4624","Information","Microsoft-Windows-Security-Auditing"
"18/03/2026 14:42:27","4624","Information","Microsoft-Windows-Security-Auditing"
"18/03/2026 14:42:27","4624","Information","Microsoft-Windows-Security-Auditing"
"18/03/2026 14:42:27","4624","Information","Microsoft-Windows-Security-Auditing"
"18/03/2026 14:42:27","4624","Information","Microsoft-Windows-Security-Auditing"
"18/03/2026 14:42:27","4624","Information","Microsoft-Windows-Security-Auditing"
"18/03/2026 14:42:27","4624","Information","Microsoft-Windows-Security-Auditing"
"18/03/2026 14:42:27","4624","Information","Microsoft-Windows-Security-Auditing"
"18/03/2026 14:42:27","4624","Information","Microsoft-Windows-Security-Auditing"
"18/03/2026 14:42:27","4624","Information","Microsoft-Windows-Security-Auditing"
"18/03/2026 14:42:27","4624","Information","Microsoft-Windows-Security-Auditing"
"18/03/2026 14:42:27","4624","Information","Microsoft-Windows-Security-Auditing"
"18/03/2026 14:42:27","4624","Information","Microsoft-Windows-Security-Auditing"
"18/03/2026 14:42:27","4624","Information","Microsoft-Windows-Security-Auditing"
"18/03/2026 14:42:26","4624","Information","Microsoft-Windows-Security-Auditing"
"18/03/2026 14:42:26","4624","Information","Microsoft-Windows-Security-Auditing"
"18/03/2026 14:42:26","4624","Information","Microsoft-Windows-Security-Auditing"
"18/03/2026 14:42:26","4624","Information","Microsoft-Windows-Security-Auditing"
"18/03/2026 14:42:26","4624","Information","Microsoft-Windows-Security-Auditing"
"18/03/2026 14:42:26","4624","Information","Microsoft-Windows-Security-Auditing"
"18/03/2026 14:42:26","4624","Information","Microsoft-Windows-Security-Auditing"
"18/03/2026 14:42:26","4624","Information","Microsoft-Windows-Security-Auditing"
"18/03/2026 14:42:26","4624","Information","Microsoft-Windows-Security-Auditing"
"18/03/2026 14:42:26","4624","Information","Microsoft-Windows-Security-Auditing"
"18/03/2026 14:42:26","4624","Information","Microsoft-Windows-Security-Auditing"
"18/03/2026 14:42:26","4624","Information","Microsoft-Windows-Security-Auditing"
"18/03/2026 14:42:26","4624","Information","Microsoft-Windows-Security-Auditing"
"18/03/2026 14:42:26","4624","Information","Microsoft-Windows-Security-Auditing"
"18/03/2026 14:42:26","4624","Information","Microsoft-Windows-Security-Auditing"
"18/03/2026 14:42:26","4624","Information","Microsoft-Windows-Security-Auditing"
"18/03/2026 14:42:26","4624","Information","Microsoft-Windows-Security-Auditing"
"18/03/2026 14:42:26","4624","Information","Microsoft-Windows-Security-Auditing"
"18/03/2026 14:42:26","4624","Information","Microsoft-Windows-Security-Auditing"
"18/03/2026 14:42:26","4624","Information","Microsoft-Windows-Security-Auditing"
"18/03/2026 14:42:26","4624","Information","Microsoft-Windows-Security-Auditing"
"18/03/2026 14:42:26","4624","Information","Microsoft-Windows-Security-Auditing"
"18/03/2026 14:42:26","4624","Information","Microsoft-Windows-Security-Auditing"
"18/03/2026 14:42:26","4624","Information","Microsoft-Windows-Security-Auditing"
"18/03/2026 14:42:26","4624","Information","Microsoft-Windows-Security-Auditing"
"18/03/2026 14:42:25","4624","Information","Microsoft-Windows-Security-Auditing"
"18/03/2026 14:42:25","4624","Information","Microsoft-Windows-Security-Auditing"
"18/03/2026 14:42:25","4624","Information","Microsoft-Windows-Security-Auditing"
"18/03/2026 14:42:25","4624","Information","Microsoft-Windows-Security-Auditing"
"18/03/2026 14:42:25","4624","Information","Microsoft-Windows-Security-Auditing"
"18/03/2026 14:42:25","4624","Information","Microsoft-Windows-Security-Auditing"
"18/03/2026 14:42:25","4624","Information","Microsoft-Windows-Security-Auditing"
"18/03/2026 14:41:20","4624","Information","Microsoft-Windows-Security-Auditing"
"18/03/2026 14:41:19","4624","Information","Microsoft-Windows-Security-Auditing"
"18/03/2026 14:41:02","4624","Information","Microsoft-Windows-Security-Auditing"
"18/03/2026 14:28:10","4624","Information","Microsoft-Windows-Security-Auditing"
"18/03/2026 14:18:17","4624","Information","Microsoft-Windows-Security-Auditing"
"18/03/2026 14:14:18","4624","Information","Microsoft-Windows-Security-Auditing"
"18/03/2026 14:13:17","4624","Information","Microsoft-Windows-Security-Auditing"
"18/03/2026 14:13:14","4624","Information","Microsoft-Windows-Security-Auditing"
"18/03/2026 14:13:07","4624","Information","Microsoft-Windows-Security-Auditing"
"18/03/2026 14:11:53","4624","Information","Microsoft-Windows-Security-Auditing"
"18/03/2026 13:58:06","4624","Information","Microsoft-Windows-Security-Auditing"
"18/03/2026 13:51:57","4624","Information","Microsoft-Windows-Security-Auditing"
"18/03/2026 13:51:29","4624","Information","Microsoft-Windows-Security-Auditing"
"18/03/2026 13:51:28","4624","Information","Microsoft-Windows-Security-Auditing"
"18/03/2026 13:51:28","4624","Information","Microsoft-Windows-Security-Auditing"
"18/03/2026 13:51:28","4624","Information","Microsoft-Windows-Security-Auditing"
"18/03/2026 13:51:27","4624","Information","Microsoft-Windows-Security-Auditing"
"18/03/2026 13:51:27","4624","Information","Microsoft-Windows-Security-Auditing"
"18/03/2026 13:51:27","4624","Information","Microsoft-Windows-Security-Auditing"
"18/03/2026 13:51:27","4624","Information","Microsoft-Windows-Security-Auditing"
"18/03/2026 13:51:27","4624","Information","Microsoft-Windows-Security-Auditing"
"18/03/2026 13:51:27","4624","Information","Microsoft-Windows-Security-Auditing"
"18/03/2026 13:51:27","4624","Information","Microsoft-Windows-Security-Auditing"
"18/03/2026 13:51:27","4624","Information","Microsoft-Windows-Security-Auditing"
"18/03/2026 13:51:26","4624","Information","Microsoft-Windows-Security-Auditing"
"18/03/2026 13:51:26","4624","Information","Microsoft-Windows-Security-Auditing"
"18/03/2026 13:51:26","4624","Information","Microsoft-Windows-Security-Auditing"
"18/03/2026 13:51:26","4624","Information","Microsoft-Windows-Security-Auditing"
"18/03/2026 13:51:26","4624","Information","Microsoft-Windows-Security-Auditing"
"18/03/2026 13:51:26","4624","Information","Microsoft-Windows-Security-Auditing"
"18/03/2026 13:51:22","4624","Information","Microsoft-Windows-Security-Auditing"
"18/03/2026 13:46:48","4624","Information","Microsoft-Windows-Security-Auditing"
"18/03/2026 13:43:01","4624","Information","Microsoft-Windows-Security-Auditing"
"18/03/2026 13:43:01","4624","Information","Microsoft-Windows-Security-Auditing"
"18/03/2026 13:43:01","4624","Information","Microsoft-Windows-Security-Auditing"
"18/03/2026 13:42:50","4624","Information","Microsoft-Windows-Security-Auditing"
"18/03/2026 13:42:47","4624","Information","Microsoft-Windows-Security-Auditing"
"18/03/2026 13:42:47","4624","Information","Microsoft-Windows-Security-Auditing"
"18/03/2026 13:34:18","4624","Information","Microsoft-Windows-Security-Auditing"
"18/03/2026 13:28:06","4624","Information","Microsoft-Windows-Security-Auditing"
"18/03/2026 13:23:36","4624","Information","Microsoft-Windows-Security-Auditing"
"18/03/2026 13:13:40","4624","Information","Microsoft-Windows-Security-Auditing"
"18/03/2026 13:13:06","4624","Information","Microsoft-Windows-Security-Auditing"
"18/03/2026 13:07:41","4624","Information","Microsoft-Windows-Security-Auditing"
"18/03/2026 12:59:32","4624","Information","Microsoft-Windows-Security-Auditing"
"18/03/2026 12:58:06","4624","Information","Microsoft-Windows-Security-Auditing"
"18/03/2026 12:51:19","4624","Information","Microsoft-Windows-Security-Auditing"
"18/03/2026 12:42:53","4624","Information","Microsoft-Windows-Security-Auditing"
"18/03/2026 12:37:43","4624","Information","Microsoft-Windows-Security-Auditing"
"18/03/2026 12:37:38","4624","Information","Microsoft-Windows-Security-Auditing"
"18/03/2026 12:37:37","4624","Information","Microsoft-Windows-Security-Auditing"
"18/03/2026 12:32:23","4624","Information","Microsoft-Windows-Security-Auditing"
"18/03/2026 12:27:43","4624","Information","Microsoft-Windows-Security-Auditing"
"18/03/2026 12:27:37","4624","Information","Microsoft-Windows-Security-Auditing"
"18/03/2026 12:27:37","4624","Information","Microsoft-Windows-Security-Auditing"
"18/03/2026 12:27:37","4624","Information","Microsoft-Windows-Security-Auditing"
"18/03/2026 12:27:37","4624","Information","Microsoft-Windows-Security-Auditing"
"18/03/2026 12:27:36","4624","Information","Microsoft-Windows-Security-Auditing"
"18/03/2026 12:14:26","4624","Information","Microsoft-Windows-Security-Auditing"
"18/03/2026 12:13:06","4624","Information","Microsoft-Windows-Security-Auditing"
"18/03/2026 12:07:18","4624","Information","Microsoft-Windows-Security-Auditing"
"18/03/2026 11:59:45","4624","Information","Microsoft-Windows-Security-Auditing"
"18/03/2026 11:58:06","4624","Information","Microsoft-Windows-Security-Auditing"
"18/03/2026 11:58:02","4624","Information","Microsoft-Windows-Security-Auditing"
"18/03/2026 11:57:57","4624","Information","Microsoft-Windows-Security-Auditing"
"18/03/2026 11:56:16","4624","Information","Microsoft-Windows-Security-Auditing"
"18/03/2026 11:53:24","4624","Information","Microsoft-Windows-Security-Auditing"
"18/03/2026 11:53:23","4624","Information","Microsoft-Windows-Security-Auditing"
"18/03/2026 11:53:16","4624","Information","Microsoft-Windows-Security-Auditing"
"18/03/2026 11:52:14","4624","Information","Microsoft-Windows-Security-Auditing"
"18/03/2026 11:52:14","4624","Information","Microsoft-Windows-Security-Auditing"
"18/03/2026 11:48:50","4624","Information","Microsoft-Windows-Security-Auditing"
"18/03/2026 11:48:49","4624","Information","Microsoft-Windows-Security-Auditing"
"18/03/2026 11:48:49","4624","Information","Microsoft-Windows-Security-Auditing"
"18/03/2026 11:46:04","4624","Information","Microsoft-Windows-Security-Auditing"
"18/03/2026 11:45:26","4624","Information","Microsoft-Windows-Security-Auditing"
"18/03/2026 11:45:07","4624","Information","Microsoft-Windows-Security-Auditing"
"18/03/2026 11:45:06","4624","Information","Microsoft-Windows-Security-Auditing"
"18/03/2026 11:45:06","4624","Information","Microsoft-Windows-Security-Auditing"
"18/03/2026 11:45:05","4624","Information","Microsoft-Windows-Security-Auditing"
"18/03/2026 11:45:05","4624","Information","Microsoft-Windows-Security-Auditing"
"18/03/2026 11:45:05","4624","Information","Microsoft-Windows-Security-Auditing"
"18/03/2026 11:45:04","4624","Information","Microsoft-Windows-Security-Auditing"
"18/03/2026 11:44:50","4624","Information","Microsoft-Windows-Security-Auditing"
"18/03/2026 11:43:42","4624","Information","Microsoft-Windows-Security-Auditing"
"18/03/2026 11:43:41","4624","Information","Microsoft-Windows-Security-Auditing"
"18/03/2026 11:43:41","4624","Information","Microsoft-Windows-Security-Auditing"
"18/03/2026 11:43:41","4624","Information","Microsoft-Windows-Security-Auditing"
"18/03/2026 11:43:41","4624","Information","Microsoft-Windows-Security-Auditing"
"18/03/2026 11:43:19","4624","Information","Microsoft-Windows-Security-Auditing"
"18/03/2026 11:43:17","4624","Information","Microsoft-Windows-Security-Auditing"
"18/03/2026 11:43:13","4624","Information","Microsoft-Windows-Security-Auditing"
"18/03/2026 11:43:08","4624","Information","Microsoft-Windows-Security-Auditing"
"18/03/2026 11:43:05","4624","Information","Microsoft-Windows-Security-Auditing"
"18/03/2026 11:43:04","4624","Information","Microsoft-Windows-Security-Auditing"
"18/03/2026 11:43:03","4624","Information","Microsoft-Windows-Security-Auditing"
"18/03/2026 11:43:03","4624","Information","Microsoft-Windows-Security-Auditing"
"18/03/2026 11:43:03","4624","Information","Microsoft-Windows-Security-Auditing"
"18/03/2026 11:43:02","4624","Information","Microsoft-Windows-Security-Auditing"
"18/03/2026 11:43:02","4624","Information","Microsoft-Windows-Security-Auditing"
"18/03/2026 11:43:02","4624","Information","Microsoft-Windows-Security-Auditing"
"18/03/2026 11:43:02","4624","Information","Microsoft-Windows-Security-Auditing"
"18/03/2026 11:43:02","4624","Information","Microsoft-Windows-Security-Auditing"
"18/03/2026 11:43:02","4624","Information","Microsoft-Windows-Security-Auditing"
"18/03/2026 11:43:02","4624","Information","Microsoft-Windows-Security-Auditing"
"18/03/2026 11:43:02","4624","Information","Microsoft-Windows-Security-Auditing"
"18/03/2026 11:43:02","4624","Information","Microsoft-Windows-Security-Auditing"
"18/03/2026 11:43:02","4624","Information","Microsoft-Windows-Security-Auditing"
"18/03/2026 11:43:01","4624","Information","Microsoft-Windows-Security-Auditing"
"18/03/2026 11:43:01","4624","Information","Microsoft-Windows-Security-Auditing"
"18/03/2026 11:43:01","4624","Information","Microsoft-Windows-Security-Auditing"
"18/03/2026 11:43:00","4624","Information","Microsoft-Windows-Security-Auditing"
"18/03/2026 11:43:00","4624","Information","Microsoft-Windows-Security-Auditing"
"18/03/2026 11:43:00","4624","Information","Microsoft-Windows-Security-Auditing"
"18/03/2026 11:43:00","4624","Information","Microsoft-Windows-Security-Auditing"
"18/03/2026 11:43:00","4624","Information","Microsoft-Windows-Security-Auditing"
"18/03/2026 11:43:00","4624","Information","Microsoft-Windows-Security-Auditing"
"18/03/2026 11:43:00","4624","Information","Microsoft-Windows-Security-Auditing"
"18/03/2026 11:43:00","4624","Information","Microsoft-Windows-Security-Auditing"
"18/03/2026 11:43:00","4624","Information","Microsoft-Windows-Security-Auditing"
"18/03/2026 11:43:00","4624","Information","Microsoft-Windows-Security-Auditing"
"18/03/2026 11:43:00","4625","Information","Microsoft-Windows-Security-Auditing"
"18/03/2026 11:43:00","4625","Information","Microsoft-Windows-Security-Auditing"
"18/03/2026 11:42:59","4625","Information","Microsoft-Windows-Security-Auditing"
"18/03/2026 11:42:59","4625","Information","Microsoft-Windows-Security-Auditing"
"18/03/2026 11:42:59","4625","Information","Microsoft-Windows-Security-Auditing"
"18/03/2026 11:42:58","4624","Information","Microsoft-Windows-Security-Auditing"
"18/03/2026 11:42:58","4624","Information","Microsoft-Windows-Security-Auditing"
"18/03/2026 11:42:58","4624","Information","Microsoft-Windows-Security-Auditing"
"18/03/2026 11:42:58","4624","Information","Microsoft-Windows-Security-Auditing"
"18/03/2026 11:42:58","4624","Information","Microsoft-Windows-Security-Auditing"
"18/03/2026 11:42:58","4624","Information","Microsoft-Windows-Security-Auditing"
"18/03/2026 11:42:58","4624","Information","Microsoft-Windows-Security-Auditing"
"18/03/2026 11:42:58","4624","Information","Microsoft-Windows-Security-Auditing"
"18/03/2026 11:42:58","4624","Information","Microsoft-Windows-Security-Auditing"
"18/03/2026 11:42:58","4624","Information","Microsoft-Windows-Security-Auditing"
"18/03/2026 11:42:58","4624","Information","Microsoft-Windows-Security-Auditing"
"18/03/2026 11:42:57","4624","Information","Microsoft-Windows-Security-Auditing"
"18/03/2026 11:42:57","4624","Information","Microsoft-Windows-Security-Auditing"
"18/03/2026 11:42:57","4624","Information","Microsoft-Windows-Security-Auditing"
"18/03/2026 11:42:57","4624","Information","Microsoft-Windows-Security-Auditing"
"18/03/2026 11:42:57","4624","Information","Microsoft-Windows-Security-Auditing"
"18/03/2026 11:42:57","4624","Information","Microsoft-Windows-Security-Auditing"
"18/03/2026 11:42:57","4624","Information","Microsoft-Windows-Security-Auditing"
"18/03/2026 11:42:57","4624","Information","Microsoft-Windows-Security-Auditing"
"18/03/2026 11:42:57","4624","Information","Microsoft-Windows-Security-Auditing"
"18/03/2026 11:42:57","4624","Information","Microsoft-Windows-Security-Auditing"
"18/03/2026 11:42:57","4624","Information","Microsoft-Windows-Security-Auditing"
"18/03/2026 11:42:57","4624","Information","Microsoft-Windows-Security-Auditing"
"18/03/2026 11:42:57","4624","Information","Microsoft-Windows-Security-Auditing"
"18/03/2026 11:42:57","4624","Information","Microsoft-Windows-Security-Auditing"
"18/03/2026 11:42:57","4624","Information","Microsoft-Windows-Security-Auditing"
"18/03/2026 11:42:57","4624","Information","Microsoft-Windows-Security-Auditing"
"18/03/2026 11:42:57","4624","Information","Microsoft-Windows-Security-Auditing"
"18/03/2026 11:42:57","4624","Information","Microsoft-Windows-Security-Auditing"
"18/03/2026 11:42:57","4624","Information","Microsoft-Windows-Security-Auditing"
"18/03/2026 11:42:57","4624","Information","Microsoft-Windows-Security-Auditing"
"18/03/2026 11:42:57","4624","Information","Microsoft-Windows-Security-Auditing"
"18/03/2026 11:42:57","4624","Information","Microsoft-Windows-Security-Auditing"
"18/03/2026 11:42:57","4624","Information","Microsoft-Windows-Security-Auditing"
"18/03/2026 11:42:57","4624","Information","Microsoft-Windows-Security-Auditing"
"18/03/2026 11:42:57","4624","Information","Microsoft-Windows-Security-Auditing"
"18/03/2026 11:42:56","4624","Information","Microsoft-Windows-Security-Auditing"
"18/03/2026 11:42:56","4624","Information","Microsoft-Windows-Security-Auditing"
"18/03/2026 11:42:56","4624","Information","Microsoft-Windows-Security-Auditing"
"18/03/2026 11:42:56","4624","Information","Microsoft-Windows-Security-Auditing"
"18/03/2026 11:42:56","4624","Information","Microsoft-Windows-Security-Auditing"
"18/03/2026 11:42:56","4624","Information","Microsoft-Windows-Security-Auditing"
"18/03/2026 11:42:56","4624","Information","Microsoft-Windows-Security-Auditing"
"18/03/2026 11:42:56","4624","Information","Microsoft-Windows-Security-Auditing"
"18/03/2026 11:42:56","4624","Information","Microsoft-Windows-Security-Auditing"
"18/03/2026 11:42:56","4624","Information","Microsoft-Windows-Security-Auditing"
"18/03/2026 11:42:56","4624","Information","Microsoft-Windows-Security-Auditing"
"18/03/2026 11:42:56","4624","Information","Microsoft-Windows-Security-Auditing"
"18/03/2026 11:41:55","4624","Information","Microsoft-Windows-Security-Auditing"
"18/03/2026 11:41:05","4624","Information","Microsoft-Windows-Security-Auditing"
"18/03/2026 11:37:31","4624","Information","Microsoft-Windows-Security-Auditing"
"18/03/2026 11:33:46","4624","Information","Microsoft-Windows-Security-Auditing"
"18/03/2026 11:26:43","4624","Information","Microsoft-Windows-Security-Auditing"
"18/03/2026 11:26:05","4624","Information","Microsoft-Windows-Security-Auditing"
"18/03/2026 11:20:45","4624","Information","Microsoft-Windows-Security-Auditing"
"18/03/2026 11:20:24","4624","Information","Microsoft-Windows-Security-Auditing"
"18/03/2026 11:19:53","4624","Information","Microsoft-Windows-Security-Auditing"
"18/03/2026 11:11:05","4624","Information","Microsoft-Windows-Security-Auditing"
"18/03/2026 10:56:05","4624","Information","Microsoft-Windows-Security-Auditing"
"18/03/2026 10:41:05","4624","Information","Microsoft-Windows-Security-Auditing"
"18/03/2026 10:26:05","4624","Information","Microsoft-Windows-Security-Auditing"
"18/03/2026 10:22:33","4624","Information","Microsoft-Windows-Security-Auditing"
"18/03/2026 10:21:50","4624","Information","Microsoft-Windows-Security-Auditing"
"18/03/2026 10:21:49","4624","Information","Microsoft-Windows-Security-Auditing"
"18/03/2026 10:21:24","4624","Information","Microsoft-Windows-Security-Auditing"
"18/03/2026 10:11:05","4624","Information","Microsoft-Windows-Security-Auditing"
"18/03/2026 09:56:04","4624","Information","Microsoft-Windows-Security-Auditing"
"18/03/2026 09:43:31","4624","Information","Microsoft-Windows-Security-Auditing"
"18/03/2026 09:41:04","4624","Information","Microsoft-Windows-Security-Auditing"
"18/03/2026 09:36:58","4624","Information","Microsoft-Windows-Security-Auditing"
"18/03/2026 09:29:33","4624","Information","Microsoft-Windows-Security-Auditing"
"18/03/2026 09:26:04","4624","Information","Microsoft-Windows-Security-Auditing"
"18/03/2026 09:21:48","4624","Information","Microsoft-Windows-Security-Auditing"
"18/03/2026 09:14:57","4624","Information","Microsoft-Windows-Security-Auditing"
"18/03/2026 09:11:04","4624","Information","Microsoft-Windows-Security-Auditing"
"18/03/2026 09:05:38","4624","Information","Microsoft-Windows-Security-Auditing"
"18/03/2026 08:56:04","4624","Information","Microsoft-Windows-Security-Auditing"
"18/03/2026 08:53:19","4624","Information","Microsoft-Windows-Security-Auditing"
"18/03/2026 08:48:28","4624","Information","Microsoft-Windows-Security-Auditing"
"18/03/2026 08:42:55","4624","Information","Microsoft-Windows-Security-Auditing"
"18/03/2026 08:41:04","4624","Information","Microsoft-Windows-Security-Auditing"
"18/03/2026 08:37:57","4624","Information","Microsoft-Windows-Security-Auditing"
"18/03/2026 08:26:24","4624","Information","Microsoft-Windows-Security-Auditing"
"18/03/2026 08:26:04","4624","Information","Microsoft-Windows-Security-Auditing"
"18/03/2026 08:18:02","4624","Information","Microsoft-Windows-Security-Auditing"
"18/03/2026 08:18:01","4624","Information","Microsoft-Windows-Security-Auditing"
"18/03/2026 08:11:04","4624","Information","Microsoft-Windows-Security-Auditing"
"18/03/2026 07:58:19","4624","Information","Microsoft-Windows-Security-Auditing"
"18/03/2026 07:56:51","4624","Information","Microsoft-Windows-Security-Auditing"
"18/03/2026 07:56:29","4624","Information","Microsoft-Windows-Security-Auditing"
"18/03/2026 07:56:26","4624","Information","Microsoft-Windows-Security-Auditing"
"18/03/2026 07:56:26","4624","Information","Microsoft-Windows-Security-Auditing"
"18/03/2026 07:56:07","4624","Information","Microsoft-Windows-Security-Auditing"
"18/03/2026 07:56:07","4624","Information","Microsoft-Windows-Security-Auditing"
"18/03/2026 07:56:07","4624","Information","Microsoft-Windows-Security-Auditing"
"18/03/2026 07:56:07","4624","Information","Microsoft-Windows-Security-Auditing"
"18/03/2026 07:56:06","4624","Information","Microsoft-Windows-Security-Auditing"
"18/03/2026 07:55:58","4624","Information","Microsoft-Windows-Security-Auditing"
"18/03/2026 04:27:48","4624","Information","Microsoft-Windows-Security-Auditing"
"18/03/2026 04:27:48","4624","Information","Microsoft-Windows-Security-Auditing"
"18/03/2026 04:17:08","4624","Information","Microsoft-Windows-Security-Auditing"
"18/03/2026 04:17:07","4624","Information","Microsoft-Windows-Security-Auditing"
"18/03/2026 04:17:07","4624","Information","Microsoft-Windows-Security-Auditing"
"18/03/2026 03:56:17","4624","Information","Microsoft-Windows-Security-Auditing"
"18/03/2026 03:56:16","4624","Information","Microsoft-Windows-Security-Auditing"
"18/03/2026 03:38:49","4624","Information","Microsoft-Windows-Security-Auditing"
"18/03/2026 03:27:01","4624","Information","Microsoft-Windows-Security-Auditing"
"18/03/2026 03:19:50","4624","Information","Microsoft-Windows-Security-Auditing"
"18/03/2026 03:19:43","4624","Information","Microsoft-Windows-Security-Auditing"
"18/03/2026 03:19:33","4624","Information","Microsoft-Windows-Security-Auditing"
"18/03/2026 02:38:09","4624","Information","Microsoft-Windows-Security-Auditing"
"18/03/2026 02:38:05","4624","Information","Microsoft-Windows-Security-Auditing"
"18/03/2026 02:27:06","4624","Information","Microsoft-Windows-Security-Auditing"
"18/03/2026 01:47:11","4624","Information","Microsoft-Windows-Security-Auditing"
"18/03/2026 01:47:10","4624","Information","Microsoft-Windows-Security-Auditing"
"18/03/2026 01:47:08","4624","Information","Microsoft-Windows-Security-Auditing"
"18/03/2026 01:37:35","4624","Information","Microsoft-Windows-Security-Auditing"
"18/03/2026 01:37:14","4624","Information","Microsoft-Windows-Security-Auditing"
"18/03/2026 01:32:14","4624","Information","Microsoft-Windows-Security-Auditing"
"18/03/2026 01:27:00","4624","Information","Microsoft-Windows-Security-Auditing"
"18/03/2026 00:48:02","4624","Information","Microsoft-Windows-Security-Auditing"
"18/03/2026 00:40:36","4624","Information","Microsoft-Windows-Security-Auditing"
"18/03/2026 00:38:52","4624","Information","Microsoft-Windows-Security-Auditing"
"18/03/2026 00:36:59","4624","Information","Microsoft-Windows-Security-Auditing"
"18/03/2026 00:36:00","4624","Information","Microsoft-Windows-Security-Auditing"
"18/03/2026 00:35:36","4624","Information","Microsoft-Windows-Security-Auditing"
"18/03/2026 00:35:36","4624","Information","Microsoft-Windows-Security-Auditing"
"18/03/2026 00:26:59","4624","Information","Microsoft-Windows-Security-Auditing"
"18/03/2026 00:23:52","4624","Information","Microsoft-Windows-Security-Auditing"
"18/03/2026 00:09:03","4624","Information","Microsoft-Windows-Security-Auditing"
"18/03/2026 00:09:02","4624","Information","Microsoft-Windows-Security-Auditing"
"18/03/2026 00:08:51","4624","Information","Microsoft-Windows-Security-Auditing"
"17/03/2026 23:32:13","4624","Information","Microsoft-Windows-Security-Auditing"
"17/03/2026 23:32:05","4624","Information","Microsoft-Windows-Security-Auditing"
"17/03/2026 23:27:13","4624","Information","Microsoft-Windows-Security-Auditing"
"17/03/2026 23:07:18","4624","Information","Microsoft-Windows-Security-Auditing"
"17/03/2026 23:07:17","4624","Information","Microsoft-Windows-Security-Auditing"
"17/03/2026 23:07:17","4624","Information","Microsoft-Windows-Security-Auditing"
"17/03/2026 22:43:57","4624","Information","Microsoft-Windows-Security-Auditing"
"17/03/2026 22:43:42","4624","Information","Microsoft-Windows-Security-Auditing"
"17/03/2026 22:43:42","4624","Information","Microsoft-Windows-Security-Auditing"
"17/03/2026 22:43:41","4624","Information","Microsoft-Windows-Security-Auditing"
"17/03/2026 22:42:55","4624","Information","Microsoft-Windows-Security-Auditing"
"17/03/2026 22:33:12","4624","Information","Microsoft-Windows-Security-Auditing"
"17/03/2026 22:26:58","4624","Information","Microsoft-Windows-Security-Auditing"
"17/03/2026 22:21:40","4624","Information","Microsoft-Windows-Security-Auditing"
"17/03/2026 22:12:55","4624","Information","Microsoft-Windows-Security-Auditing"
"17/03/2026 22:04:59","4624","Information","Microsoft-Windows-Security-Auditing"
"17/03/2026 22:04:48","4624","Information","Microsoft-Windows-Security-Auditing"
"17/03/2026 22:04:47","4624","Information","Microsoft-Windows-Security-Auditing"
"17/03/2026 22:04:45","4624","Information","Microsoft-Windows-Security-Auditing"
"17/03/2026 21:58:34","4624","Information","Microsoft-Windows-Security-Auditing"
"17/03/2026 21:42:55","4624","Information","Microsoft-Windows-Security-Auditing"
"17/03/2026 21:26:57","4624","Information","Microsoft-Windows-Security-Auditing"
"17/03/2026 21:18:40","4624","Information","Microsoft-Windows-Security-Auditing"
"17/03/2026 21:13:44","4624","Information","Microsoft-Windows-Security-Auditing"
"17/03/2026 21:13:27","4624","Information","Microsoft-Windows-Security-Auditing"
"17/03/2026 21:12:55","4624","Information","Microsoft-Windows-Security-Auditing"
"17/03/2026 21:05:55","4624","Information","Microsoft-Windows-Security-Auditing"
"17/03/2026 21:00:36","4624","Information","Microsoft-Windows-Security-Auditing"
"17/03/2026 20:46:15","4624","Information","Microsoft-Windows-Security-Auditing"
"17/03/2026 20:45:36","4624","Information","Microsoft-Windows-Security-Auditing"
"17/03/2026 20:37:49","4624","Information","Microsoft-Windows-Security-Auditing"
"17/03/2026 20:30:36","4624","Information","Microsoft-Windows-Security-Auditing"
"17/03/2026 20:19:55","4624","Information","Microsoft-Windows-Security-Auditing"
"17/03/2026 20:15:36","4624","Information","Microsoft-Windows-Security-Auditing"
"17/03/2026 20:07:01","4624","Information","Microsoft-Windows-Security-Auditing"
"17/03/2026 20:01:44","4624","Information","Microsoft-Windows-Security-Auditing"
"17/03/2026 19:51:24","4624","Information","Microsoft-Windows-Security-Auditing"
"17/03/2026 19:46:44","4624","Information","Microsoft-Windows-Security-Auditing"
"17/03/2026 19:45:45","4624","Information","Microsoft-Windows-Security-Auditing"
"17/03/2026 19:32:02","4624","Information","Microsoft-Windows-Security-Auditing"
"17/03/2026 19:21:26","4624","Information","Microsoft-Windows-Security-Auditing"
"17/03/2026 19:18:57","4624","Information","Microsoft-Windows-Security-Auditing"
"17/03/2026 19:18:51","4624","Information","Microsoft-Windows-Security-Auditing"
"17/03/2026 19:17:01","4624","Information","Microsoft-Windows-Security-Auditing"
"17/03/2026 19:07:00","4624","Information","Microsoft-Windows-Security-Auditing"
"17/03/2026 19:04:20","4624","Information","Microsoft-Windows-Security-Auditing"
"17/03/2026 19:02:01","4624","Information","Microsoft-Windows-Security-Auditing"
"17/03/2026 18:57:55","4624","Information","Microsoft-Windows-Security-Auditing"
"17/03/2026 18:47:01","4624","Information","Microsoft-Windows-Security-Auditing"
"17/03/2026 18:44:54","4624","Information","Microsoft-Windows-Security-Auditing"
"17/03/2026 18:32:01","4624","Information","Microsoft-Windows-Security-Auditing"
"17/03/2026 18:23:30","4624","Information","Microsoft-Windows-Security-Auditing"
"17/03/2026 18:17:01","4624","Information","Microsoft-Windows-Security-Auditing"
"17/03/2026 18:15:18","4624","Information","Microsoft-Windows-Security-Auditing"
"17/03/2026 18:02:50","4624","Information","Microsoft-Windows-Security-Auditing"
"17/03/2026 18:02:01","4624","Information","Microsoft-Windows-Security-Auditing"
"17/03/2026 18:00:04","4624","Information","Microsoft-Windows-Security-Auditing"
"17/03/2026 17:57:37","4624","Information","Microsoft-Windows-Security-Auditing"
"17/03/2026 17:49:50","4624","Information","Microsoft-Windows-Security-Auditing"
"17/03/2026 17:43:19","4624","Information","Microsoft-Windows-Security-Auditing"
"17/03/2026 17:43:12","4624","Information","Microsoft-Windows-Security-Auditing"
"17/03/2026 17:43:12","4624","Information","Microsoft-Windows-Security-Auditing"
"17/03/2026 17:33:12","4624","Information","Microsoft-Windows-Security-Auditing"
"17/03/2026 17:32:00","4624","Information","Microsoft-Windows-Security-Auditing"
"17/03/2026 17:25:56","4624","Information","Microsoft-Windows-Security-Auditing"
"17/03/2026 17:21:39","4624","Information","Microsoft-Windows-Security-Auditing"
"17/03/2026 17:17:00","4624","Information","Microsoft-Windows-Security-Auditing"
"17/03/2026 17:08:37","4624","Information","Microsoft-Windows-Security-Auditing"
"17/03/2026 17:02:50","4624","Information","Microsoft-Windows-Security-Auditing"
"17/03/2026 17:02:00","4624","Information","Microsoft-Windows-Security-Auditing"
"17/03/2026 16:47:00","4624","Information","Microsoft-Windows-Security-Auditing"
"17/03/2026 16:45:50","4624","Information","Microsoft-Windows-Security-Auditing"
"17/03/2026 16:37:33","4624","Information","Microsoft-Windows-Security-Auditing"
"17/03/2026 16:33:19","4624","Information","Microsoft-Windows-Security-Auditing"
"17/03/2026 16:32:00","4624","Information","Microsoft-Windows-Security-Auditing"
"17/03/2026 16:29:31","4624","Information","Microsoft-Windows-Security-Auditing"
"17/03/2026 16:21:34","4624","Information","Microsoft-Windows-Security-Auditing"
"17/03/2026 16:17:00","4624","Information","Microsoft-Windows-Security-Auditing"
"17/03/2026 16:03:28","4624","Information","Microsoft-Windows-Security-Auditing"
"17/03/2026 16:01:32","4624","Information","Microsoft-Windows-Security-Auditing"
"17/03/2026 15:53:53","4624","Information","Microsoft-Windows-Security-Auditing"
"17/03/2026 15:52:46","4624","Information","Microsoft-Windows-Security-Auditing"
"17/03/2026 15:52:45","4624","Information","Microsoft-Windows-Security-Auditing"
"17/03/2026 15:52:25","4624","Information","Microsoft-Windows-Security-Auditing"
"17/03/2026 15:52:25","4624","Information","Microsoft-Windows-Security-Auditing"
"17/03/2026 15:52:24","4624","Information","Microsoft-Windows-Security-Auditing"
"17/03/2026 15:52:24","4624","Information","Microsoft-Windows-Security-Auditing"
"17/03/2026 15:52:24","4624","Information","Microsoft-Windows-Security-Auditing"
"17/03/2026 15:52:24","4624","Information","Microsoft-Windows-Security-Auditing"
"17/03/2026 15:52:22","4624","Information","Microsoft-Windows-Security-Auditing"
"17/03/2026 15:52:22","4624","Information","Microsoft-Windows-Security-Auditing"
"17/03/2026 15:46:32","4624","Information","Microsoft-Windows-Security-Auditing"
"17/03/2026 15:35:43","4624","Information","Microsoft-Windows-Security-Auditing"
"17/03/2026 15:35:43","4624","Information","Microsoft-Windows-Security-Auditing"
"17/03/2026 15:35:42","4624","Information","Microsoft-Windows-Security-Auditing"
"17/03/2026 15:34:38","4624","Information","Microsoft-Windows-Security-Auditing"
"17/03/2026 15:32:20","4624","Information","Microsoft-Windows-Security-Auditing"
"17/03/2026 15:31:32","4624","Information","Microsoft-Windows-Security-Auditing"
"17/03/2026 15:27:05","4624","Information","Microsoft-Windows-Security-Auditing"
"17/03/2026 15:25:20","4624","Information","Microsoft-Windows-Security-Auditing"
"17/03/2026 15:25:20","4624","Information","Microsoft-Windows-Security-Auditing"
"17/03/2026 15:25:20","4624","Information","Microsoft-Windows-Security-Auditing"
"17/03/2026 15:25:19","4624","Information","Microsoft-Windows-Security-Auditing"
"17/03/2026 15:24:23","4624","Information","Microsoft-Windows-Security-Auditing"
"17/03/2026 15:24:02","4624","Information","Microsoft-Windows-Security-Auditing"
"17/03/2026 15:23:58","4624","Information","Microsoft-Windows-Security-Auditing"
"17/03/2026 15:23:58","4624","Information","Microsoft-Windows-Security-Auditing"
"17/03/2026 15:23:58","4624","Information","Microsoft-Windows-Security-Auditing"
"17/03/2026 15:23:57","4624","Information","Microsoft-Windows-Security-Auditing"
"17/03/2026 15:16:32","4624","Information","Microsoft-Windows-Security-Auditing"
"17/03/2026 15:14:30","4624","Information","Microsoft-Windows-Security-Auditing"
"17/03/2026 15:12:40","4624","Information","Microsoft-Windows-Security-Auditing"
"17/03/2026 15:12:10","4624","Information","Microsoft-Windows-Security-Auditing"
"17/03/2026 15:12:01","4624","Information","Microsoft-Windows-Security-Auditing"
"17/03/2026 15:11:59","4624","Information","Microsoft-Windows-Security-Auditing"
"17/03/2026 15:11:57","4624","Information","Microsoft-Windows-Security-Auditing"
"17/03/2026 15:01:32","4624","Information","Microsoft-Windows-Security-Auditing"
"17/03/2026 14:46:32","4624","Information","Microsoft-Windows-Security-Auditing"
"17/03/2026 14:42:19","4624","Information","Microsoft-Windows-Security-Auditing"
"17/03/2026 14:36:53","4624","Information","Microsoft-Windows-Security-Auditing"
"17/03/2026 14:32:01","4624","Information","Microsoft-Windows-Security-Auditing"
"17/03/2026 14:31:55","4624","Information","Microsoft-Windows-Security-Auditing"
"17/03/2026 14:31:55","4624","Information","Microsoft-Windows-Security-Auditing"
"17/03/2026 14:31:55","4624","Information","Microsoft-Windows-Security-Auditing"
"17/03/2026 14:31:32","4624","Information","Microsoft-Windows-Security-Auditing"
"17/03/2026 14:30:54","4624","Information","Microsoft-Windows-Security-Auditing"
"17/03/2026 14:30:51","4624","Information","Microsoft-Windows-Security-Auditing"
"17/03/2026 14:30:50","4624","Information","Microsoft-Windows-Security-Auditing"
"17/03/2026 14:23:45","4624","Information","Microsoft-Windows-Security-Auditing"
"17/03/2026 14:16:32","4624","Information","Microsoft-Windows-Security-Auditing"
"17/03/2026 14:11:54","4624","Information","Microsoft-Windows-Security-Auditing"
"17/03/2026 14:01:31","4624","Information","Microsoft-Windows-Security-Auditing"
"17/03/2026 13:46:31","4624","Information","Microsoft-Windows-Security-Auditing"
"17/03/2026 13:37:35","4624","Information","Microsoft-Windows-Security-Auditing"
"17/03/2026 13:31:31","4624","Information","Microsoft-Windows-Security-Auditing"
"17/03/2026 13:22:42","4624","Information","Microsoft-Windows-Security-Auditing"
"17/03/2026 13:18:29","4624","Information","Microsoft-Windows-Security-Auditing"
"17/03/2026 13:16:31","4624","Information","Microsoft-Windows-Security-Auditing"
"17/03/2026 13:05:42","4624","Information","Microsoft-Windows-Security-Auditing"
"17/03/2026 13:04:13","4624","Information","Microsoft-Windows-Security-Auditing"
"17/03/2026 13:04:13","4624","Information","Microsoft-Windows-Security-Auditing"
"17/03/2026 13:04:13","4624","Information","Microsoft-Windows-Security-Auditing"
"17/03/2026 13:04:12","4624","Information","Microsoft-Windows-Security-Auditing"
"17/03/2026 13:04:12","4624","Information","Microsoft-Windows-Security-Auditing"
"17/03/2026 13:04:12","4624","Information","Microsoft-Windows-Security-Auditing"
"17/03/2026 13:04:12","4624","Information","Microsoft-Windows-Security-Auditing"
"17/03/2026 13:04:12","4624","Information","Microsoft-Windows-Security-Auditing"
"17/03/2026 13:04:12","4624","Information","Microsoft-Windows-Security-Auditing"
"17/03/2026 13:04:12","4624","Information","Microsoft-Windows-Security-Auditing"
"17/03/2026 13:04:12","4624","Information","Microsoft-Windows-Security-Auditing"
"17/03/2026 13:04:11","4624","Information","Microsoft-Windows-Security-Auditing"
"17/03/2026 13:04:01","4624","Information","Microsoft-Windows-Security-Auditing"
"17/03/2026 13:04:01","4624","Information","Microsoft-Windows-Security-Auditing"
"17/03/2026 13:04:01","4624","Information","Microsoft-Windows-Security-Auditing"
"17/03/2026 13:04:01","4624","Information","Microsoft-Windows-Security-Auditing"
"17/03/2026 13:04:01","4624","Information","Microsoft-Windows-Security-Auditing"
"17/03/2026 13:04:01","4624","Information","Microsoft-Windows-Security-Auditing"
"17/03/2026 13:03:57","4624","Information","Microsoft-Windows-Security-Auditing"
"17/03/2026 13:01:59","4624","Information","Microsoft-Windows-Security-Auditing"
"17/03/2026 13:01:31","4624","Information","Microsoft-Windows-Security-Auditing"
"17/03/2026 13:00:42","4624","Information","Microsoft-Windows-Security-Auditing"
"17/03/2026 12:48:25","4624","Information","Microsoft-Windows-Security-Auditing"
"17/03/2026 12:46:59","4624","Information","Microsoft-Windows-Security-Auditing"
"17/03/2026 12:46:55","4624","Information","Microsoft-Windows-Security-Auditing"
"17/03/2026 12:46:52","4624","Information","Microsoft-Windows-Security-Auditing"
"17/03/2026 12:43:47","4624","Information","Microsoft-Windows-Security-Auditing"
"17/03/2026 12:42:41","4624","Information","Microsoft-Windows-Security-Auditing"
"17/03/2026 12:42:40","4624","Information","Microsoft-Windows-Security-Auditing"
"17/03/2026 12:42:08","4624","Information","Microsoft-Windows-Security-Auditing"
"17/03/2026 12:41:05","4624","Information","Microsoft-Windows-Security-Auditing"
"17/03/2026 12:41:05","4624","Information","Microsoft-Windows-Security-Auditing"
"17/03/2026 12:37:34","4624","Information","Microsoft-Windows-Security-Auditing"
"17/03/2026 12:34:58","4624","Information","Microsoft-Windows-Security-Auditing"
"17/03/2026 12:34:06","4624","Information","Microsoft-Windows-Security-Auditing"
"17/03/2026 12:33:59","4624","Information","Microsoft-Windows-Security-Auditing"
"17/03/2026 12:33:58","4624","Information","Microsoft-Windows-Security-Auditing"
"17/03/2026 12:33:58","4624","Information","Microsoft-Windows-Security-Auditing"
"17/03/2026 12:33:58","4624","Information","Microsoft-Windows-Security-Auditing"
"17/03/2026 12:33:46","4624","Information","Microsoft-Windows-Security-Auditing"
"17/03/2026 12:33:46","4624","Information","Microsoft-Windows-Security-Auditing"
"17/03/2026 12:32:07","4624","Information","Microsoft-Windows-Security-Auditing"
"17/03/2026 12:32:07","4624","Information","Microsoft-Windows-Security-Auditing"
"17/03/2026 12:32:07","4624","Information","Microsoft-Windows-Security-Auditing"
"17/03/2026 12:32:07","4624","Information","Microsoft-Windows-Security-Auditing"
"17/03/2026 12:32:03","4624","Information","Microsoft-Windows-Security-Auditing"
"17/03/2026 12:32:00","4624","Information","Microsoft-Windows-Security-Auditing"
"17/03/2026 12:31:58","4624","Information","Microsoft-Windows-Security-Auditing"
"17/03/2026 12:31:57","4624","Information","Microsoft-Windows-Security-Auditing"
"17/03/2026 12:31:57","4624","Information","Microsoft-Windows-Security-Auditing"
"17/03/2026 12:31:57","4624","Information","Microsoft-Windows-Security-Auditing"
"17/03/2026 12:31:57","4624","Information","Microsoft-Windows-Security-Auditing"
"17/03/2026 12:31:57","4624","Information","Microsoft-Windows-Security-Auditing"
"17/03/2026 12:31:56","4624","Information","Microsoft-Windows-Security-Auditing"
"17/03/2026 12:31:56","4624","Information","Microsoft-Windows-Security-Auditing"
"17/03/2026 12:31:56","4624","Information","Microsoft-Windows-Security-Auditing"
"17/03/2026 12:31:56","4624","Information","Microsoft-Windows-Security-Auditing"
"17/03/2026 12:31:56","4624","Information","Microsoft-Windows-Security-Auditing"
"17/03/2026 12:31:56","4624","Information","Microsoft-Windows-Security-Auditing"
"17/03/2026 12:31:56","4624","Information","Microsoft-Windows-Security-Auditing"
"17/03/2026 12:31:56","4624","Information","Microsoft-Windows-Security-Auditing"
"17/03/2026 12:31:55","4624","Information","Microsoft-Windows-Security-Auditing"
"17/03/2026 12:31:55","4624","Information","Microsoft-Windows-Security-Auditing"
"17/03/2026 12:31:55","4624","Information","Microsoft-Windows-Security-Auditing"
"17/03/2026 12:31:55","4624","Information","Microsoft-Windows-Security-Auditing"
"17/03/2026 12:31:54","4625","Information","Microsoft-Windows-Security-Auditing"
"17/03/2026 12:31:54","4624","Information","Microsoft-Windows-Security-Auditing"
"17/03/2026 12:31:54","4624","Information","Microsoft-Windows-Security-Auditing"
"17/03/2026 12:31:54","4624","Information","Microsoft-Windows-Security-Auditing"
"17/03/2026 12:31:54","4624","Information","Microsoft-Windows-Security-Auditing"
"17/03/2026 12:31:54","4624","Information","Microsoft-Windows-Security-Auditing"
"17/03/2026 12:31:54","4624","Information","Microsoft-Windows-Security-Auditing"
"17/03/2026 12:31:54","4624","Information","Microsoft-Windows-Security-Auditing"
"17/03/2026 12:31:54","4624","Information","Microsoft-Windows-Security-Auditing"
"17/03/2026 12:31:54","4624","Information","Microsoft-Windows-Security-Auditing"
"17/03/2026 12:31:54","4624","Information","Microsoft-Windows-Security-Auditing"
"17/03/2026 12:31:54","4625","Information","Microsoft-Windows-Security-Auditing"
"17/03/2026 12:31:54","4625","Information","Microsoft-Windows-Security-Auditing"
"17/03/2026 12:31:54","4625","Information","Microsoft-Windows-Security-Auditing"
"17/03/2026 12:31:54","4625","Information","Microsoft-Windows-Security-Auditing"
"17/03/2026 12:31:52","4624","Information","Microsoft-Windows-Security-Auditing"
"17/03/2026 12:31:52","4624","Information","Microsoft-Windows-Security-Auditing"
"17/03/2026 12:31:52","4624","Information","Microsoft-Windows-Security-Auditing"
"17/03/2026 12:31:52","4624","Information","Microsoft-Windows-Security-Auditing"
"17/03/2026 12:31:52","4624","Information","Microsoft-Windows-Security-Auditing"
"17/03/2026 12:31:52","4624","Information","Microsoft-Windows-Security-Auditing"
"17/03/2026 12:31:52","4624","Information","Microsoft-Windows-Security-Auditing"
"17/03/2026 12:31:52","4624","Information","Microsoft-Windows-Security-Auditing"
"17/03/2026 12:31:52","4624","Information","Microsoft-Windows-Security-Auditing"
"17/03/2026 12:31:52","4624","Information","Microsoft-Windows-Security-Auditing"
"17/03/2026 12:31:52","4624","Information","Microsoft-Windows-Security-Auditing"
"17/03/2026 12:31:52","4624","Information","Microsoft-Windows-Security-Auditing"
"17/03/2026 12:31:52","4624","Information","Microsoft-Windows-Security-Auditing"
"17/03/2026 12:31:52","4624","Information","Microsoft-Windows-Security-Auditing"
"17/03/2026 12:31:52","4624","Information","Microsoft-Windows-Security-Auditing"
"17/03/2026 12:31:52","4624","Information","Microsoft-Windows-Security-Auditing"
"17/03/2026 12:31:51","4624","Information","Microsoft-Windows-Security-Auditing"
"17/03/2026 12:31:51","4624","Information","Microsoft-Windows-Security-Auditing"
"17/03/2026 12:31:51","4624","Information","Microsoft-Windows-Security-Auditing"
"17/03/2026 12:31:51","4624","Information","Microsoft-Windows-Security-Auditing"
"17/03/2026 12:31:51","4624","Information","Microsoft-Windows-Security-Auditing"
"17/03/2026 12:31:51","4624","Information","Microsoft-Windows-Security-Auditing"
"17/03/2026 12:31:51","4624","Information","Microsoft-Windows-Security-Auditing"
"17/03/2026 12:31:51","4624","Information","Microsoft-Windows-Security-Auditing"
"17/03/2026 12:31:51","4624","Information","Microsoft-Windows-Security-Auditing"
"17/03/2026 12:31:51","4624","Information","Microsoft-Windows-Security-Auditing"
"17/03/2026 12:31:51","4624","Information","Microsoft-Windows-Security-Auditing"
"17/03/2026 12:31:51","4624","Information","Microsoft-Windows-Security-Auditing"
"17/03/2026 12:31:51","4624","Information","Microsoft-Windows-Security-Auditing"
"17/03/2026 12:31:51","4624","Information","Microsoft-Windows-Security-Auditing"
"17/03/2026 12:31:51","4624","Information","Microsoft-Windows-Security-Auditing"
"17/03/2026 12:31:51","4624","Information","Microsoft-Windows-Security-Auditing"
"17/03/2026 12:31:51","4624","Information","Microsoft-Windows-Security-Auditing"
"17/03/2026 12:31:51","4624","Information","Microsoft-Windows-Security-Auditing"
"17/03/2026 12:31:51","4624","Information","Microsoft-Windows-Security-Auditing"
"17/03/2026 12:31:51","4624","Information","Microsoft-Windows-Security-Auditing"
"17/03/2026 12:31:51","4624","Information","Microsoft-Windows-Security-Auditing"
"17/03/2026 12:31:51","4624","Information","Microsoft-Windows-Security-Auditing"
"17/03/2026 12:31:51","4624","Information","Microsoft-Windows-Security-Auditing"
"17/03/2026 12:31:51","4624","Information","Microsoft-Windows-Security-Auditing"
"17/03/2026 12:31:51","4624","Information","Microsoft-Windows-Security-Auditing"
"17/03/2026 12:31:51","4624","Information","Microsoft-Windows-Security-Auditing"
"17/03/2026 12:31:51","4624","Information","Microsoft-Windows-Security-Auditing"
"17/03/2026 12:31:51","4624","Information","Microsoft-Windows-Security-Auditing"
"17/03/2026 12:31:51","4624","Information","Microsoft-Windows-Security-Auditing"
"17/03/2026 12:31:51","4624","Information","Microsoft-Windows-Security-Auditing"
"17/03/2026 12:31:51","4624","Information","Microsoft-Windows-Security-Auditing"
"17/03/2026 12:31:51","4624","Information","Microsoft-Windows-Security-Auditing"
"17/03/2026 10:39:30","4624","Information","Microsoft-Windows-Security-Auditing"
"17/03/2026 10:39:29","4624","Information","Microsoft-Windows-Security-Auditing"
"17/03/2026 10:39:27","4624","Information","Microsoft-Windows-Security-Auditing"
"17/03/2026 10:34:21","4624","Information","Microsoft-Windows-Security-Auditing"
"17/03/2026 10:26:32","4624","Information","Microsoft-Windows-Security-Auditing"
"17/03/2026 10:19:21","4624","Information","Microsoft-Windows-Security-Auditing"
"17/03/2026 10:15:35","4624","Information","Microsoft-Windows-Security-Auditing"
"17/03/2026 10:08:23","4624","Information","Microsoft-Windows-Security-Auditing"
"17/03/2026 10:04:21","4624","Information","Microsoft-Windows-Security-Auditing"
"17/03/2026 09:59:05","4624","Information","Microsoft-Windows-Security-Auditing"
"17/03/2026 09:59:03","4624","Information","Microsoft-Windows-Security-Auditing"
"17/03/2026 09:59:02","4624","Information","Microsoft-Windows-Security-Auditing"
"17/03/2026 09:59:01","4624","Information","Microsoft-Windows-Security-Auditing"
"17/03/2026 09:49:21","4624","Information","Microsoft-Windows-Security-Auditing"
"17/03/2026 09:34:21","4624","Information","Microsoft-Windows-Security-Auditing"
"17/03/2026 09:20:48","4624","Information","Microsoft-Windows-Security-Auditing"
"17/03/2026 09:19:21","4624","Information","Microsoft-Windows-Security-Auditing"
"17/03/2026 09:19:16","4624","Information","Microsoft-Windows-Security-Auditing"
"17/03/2026 09:19:12","4624","Information","Microsoft-Windows-Security-Auditing"
"17/03/2026 09:14:44","4624","Information","Microsoft-Windows-Security-Auditing"
"17/03/2026 09:13:27","4624","Information","Microsoft-Windows-Security-Auditing"
"17/03/2026 09:10:09","4624","Information","Microsoft-Windows-Security-Auditing"
"17/03/2026 09:10:08","4624","Information","Microsoft-Windows-Security-Auditing"
"17/03/2026 09:10:06","4624","Information","Microsoft-Windows-Security-Auditing"
"17/03/2026 09:07:18","4624","Information","Microsoft-Windows-Security-Auditing"
"17/03/2026 09:06:29","4624","Information","Microsoft-Windows-Security-Auditing"
"17/03/2026 09:06:20","4624","Information","Microsoft-Windows-Security-Auditing"
"17/03/2026 09:06:20","4624","Information","Microsoft-Windows-Security-Auditing"
"17/03/2026 09:06:20","4624","Information","Microsoft-Windows-Security-Auditing"
"17/03/2026 09:06:19","4624","Information","Microsoft-Windows-Security-Auditing"
"17/03/2026 09:06:19","4624","Information","Microsoft-Windows-Security-Auditing"
"17/03/2026 09:06:18","4624","Information","Microsoft-Windows-Security-Auditing"
"17/03/2026 09:05:51","4624","Information","Microsoft-Windows-Security-Auditing"
"17/03/2026 09:04:45","4624","Information","Microsoft-Windows-Security-Auditing"
"17/03/2026 09:04:43","4624","Information","Microsoft-Windows-Security-Auditing"
"17/03/2026 09:04:42","4624","Information","Microsoft-Windows-Security-Auditing"
"17/03/2026 09:04:41","4624","Information","Microsoft-Windows-Security-Auditing"
"17/03/2026 09:04:23","4624","Information","Microsoft-Windows-Security-Auditing"
"17/03/2026 09:04:20","4624","Information","Microsoft-Windows-Security-Auditing"
"17/03/2026 09:04:20","4624","Information","Microsoft-Windows-Security-Auditing"
"17/03/2026 09:04:18","4624","Information","Microsoft-Windows-Security-Auditing"
"17/03/2026 09:04:18","4624","Information","Microsoft-Windows-Security-Auditing"
"17/03/2026 09:04:18","4624","Information","Microsoft-Windows-Security-Auditing"
"17/03/2026 09:04:17","4624","Information","Microsoft-Windows-Security-Auditing"
"17/03/2026 09:04:17","4624","Information","Microsoft-Windows-Security-Auditing"
"17/03/2026 09:04:17","4624","Information","Microsoft-Windows-Security-Auditing"
"17/03/2026 09:04:17","4624","Information","Microsoft-Windows-Security-Auditing"
"17/03/2026 09:04:17","4624","Information","Microsoft-Windows-Security-Auditing"
"17/03/2026 09:04:17","4624","Information","Microsoft-Windows-Security-Auditing"
"17/03/2026 09:04:16","4624","Information","Microsoft-Windows-Security-Auditing"
"17/03/2026 09:04:16","4624","Information","Microsoft-Windows-Security-Auditing"
"17/03/2026 09:04:16","4624","Information","Microsoft-Windows-Security-Auditing"
"17/03/2026 09:04:16","4624","Information","Microsoft-Windows-Security-Auditing"
"17/03/2026 09:04:16","4624","Information","Microsoft-Windows-Security-Auditing"
"17/03/2026 09:04:16","4624","Information","Microsoft-Windows-Security-Auditing"
"17/03/2026 09:04:16","4624","Information","Microsoft-Windows-Security-Auditing"
"17/03/2026 09:04:16","4624","Information","Microsoft-Windows-Security-Auditing"
"17/03/2026 09:04:15","4624","Information","Microsoft-Windows-Security-Auditing"
"17/03/2026 09:04:15","4624","Information","Microsoft-Windows-Security-Auditing"
"17/03/2026 09:04:15","4624","Information","Microsoft-Windows-Security-Auditing"
"17/03/2026 09:04:15","4624","Information","Microsoft-Windows-Security-Auditing"
"17/03/2026 09:04:15","4625","Information","Microsoft-Windows-Security-Auditing"
"17/03/2026 09:04:15","4624","Information","Microsoft-Windows-Security-Auditing"
"17/03/2026 09:04:15","4624","Information","Microsoft-Windows-Security-Auditing"
"17/03/2026 09:04:15","4624","Information","Microsoft-Windows-Security-Auditing"
"17/03/2026 09:04:15","4624","Information","Microsoft-Windows-Security-Auditing"
"17/03/2026 09:04:15","4624","Information","Microsoft-Windows-Security-Auditing"
"17/03/2026 09:04:15","4624","Information","Microsoft-Windows-Security-Auditing"
"17/03/2026 09:04:15","4624","Information","Microsoft-Windows-Security-Auditing"
"17/03/2026 09:04:15","4624","Information","Microsoft-Windows-Security-Auditing"
"17/03/2026 09:04:15","4624","Information","Microsoft-Windows-Security-Auditing"
"17/03/2026 09:04:15","4624","Information","Microsoft-Windows-Security-Auditing"
"17/03/2026 09:04:14","4625","Information","Microsoft-Windows-Security-Auditing"
"17/03/2026 09:04:14","4625","Information","Microsoft-Windows-Security-Auditing"
"17/03/2026 09:04:14","4625","Information","Microsoft-Windows-Security-Auditing"
"17/03/2026 09:04:14","4625","Information","Microsoft-Windows-Security-Auditing"
"17/03/2026 09:04:13","4624","Information","Microsoft-Windows-Security-Auditing"
"17/03/2026 09:04:12","4624","Information","Microsoft-Windows-Security-Auditing"
"17/03/2026 09:04:12","4624","Information","Microsoft-Windows-Security-Auditing"
"17/03/2026 09:04:12","4624","Information","Microsoft-Windows-Security-Auditing"
"17/03/2026 09:04:12","4624","Information","Microsoft-Windows-Security-Auditing"
"17/03/2026 09:04:12","4624","Information","Microsoft-Windows-Security-Auditing"
"17/03/2026 09:04:12","4624","Information","Microsoft-Windows-Security-Auditing"
"17/03/2026 09:04:12","4624","Information","Microsoft-Windows-Security-Auditing"
"17/03/2026 09:04:12","4624","Information","Microsoft-Windows-Security-Auditing"
"17/03/2026 09:04:12","4624","Information","Microsoft-Windows-Security-Auditing"
"17/03/2026 09:04:12","4624","Information","Microsoft-Windows-Security-Auditing"
"17/03/2026 09:04:12","4624","Information","Microsoft-Windows-Security-Auditing"
"17/03/2026 09:04:12","4624","Information","Microsoft-Windows-Security-Auditing"
"17/03/2026 09:04:12","4624","Information","Microsoft-Windows-Security-Auditing"
"17/03/2026 09:04:12","4624","Information","Microsoft-Windows-Security-Auditing"
"17/03/2026 09:04:12","4624","Information","Microsoft-Windows-Security-Auditing"
"17/03/2026 09:04:12","4624","Information","Microsoft-Windows-Security-Auditing"
"17/03/2026 09:04:12","4624","Information","Microsoft-Windows-Security-Auditing"
"17/03/2026 09:04:12","4624","Information","Microsoft-Windows-Security-Auditing"
"17/03/2026 09:04:12","4624","Information","Microsoft-Windows-Security-Auditing"
"17/03/2026 09:04:12","4624","Information","Microsoft-Windows-Security-Auditing"
"17/03/2026 09:04:11","4624","Information","Microsoft-Windows-Security-Auditing"
"17/03/2026 09:04:11","4624","Information","Microsoft-Windows-Security-Auditing"
"17/03/2026 09:04:11","4624","Information","Microsoft-Windows-Security-Auditing"
"17/03/2026 09:04:11","4624","Information","Microsoft-Windows-Security-Auditing"
"17/03/2026 09:04:11","4624","Information","Microsoft-Windows-Security-Auditing"
"17/03/2026 09:04:11","4624","Information","Microsoft-Windows-Security-Auditing"
"17/03/2026 09:04:11","4624","Information","Microsoft-Windows-Security-Auditing"
"17/03/2026 09:04:11","4624","Information","Microsoft-Windows-Security-Auditing"
"17/03/2026 09:04:11","4624","Information","Microsoft-Windows-Security-Auditing"
"17/03/2026 09:04:11","4624","Information","Microsoft-Windows-Security-Auditing"
"17/03/2026 09:04:11","4624","Information","Microsoft-Windows-Security-Auditing"
"17/03/2026 09:04:11","4624","Information","Microsoft-Windows-Security-Auditing"
"17/03/2026 09:04:11","4624","Information","Microsoft-Windows-Security-Auditing"
"17/03/2026 09:04:11","4624","Information","Microsoft-Windows-Security-Auditing"
"17/03/2026 09:04:11","4624","Information","Microsoft-Windows-Security-Auditing"
"17/03/2026 09:04:11","4624","Information","Microsoft-Windows-Security-Auditing"
"17/03/2026 09:04:11","4624","Information","Microsoft-Windows-Security-Auditing"
"17/03/2026 09:04:11","4624","Information","Microsoft-Windows-Security-Auditing"
"17/03/2026 09:04:11","4624","Information","Microsoft-Windows-Security-Auditing"
"17/03/2026 09:04:11","4624","Information","Microsoft-Windows-Security-Auditing"
"17/03/2026 09:04:11","4624","Information","Microsoft-Windows-Security-Auditing"
"17/03/2026 09:04:11","4624","Information","Microsoft-Windows-Security-Auditing"
"17/03/2026 09:04:11","4624","Information","Microsoft-Windows-Security-Auditing"
"17/03/2026 09:04:11","4624","Information","Microsoft-Windows-Security-Auditing"
"17/03/2026 09:04:11","4624","Information","Microsoft-Windows-Security-Auditing"
"17/03/2026 09:04:11","4624","Information","Microsoft-Windows-Security-Auditing"
"17/03/2026 09:04:11","4624","Information","Microsoft-Windows-Security-Auditing"
"16/03/2026 23:16:08","4624","Information","Microsoft-Windows-Security-Auditing"
"16/03/2026 23:16:08","4624","Information","Microsoft-Windows-Security-Auditing"
"16/03/2026 23:16:07","4624","Information","Microsoft-Windows-Security-Auditing"
"16/03/2026 23:16:02","4624","Information","Microsoft-Windows-Security-Auditing"
"16/03/2026 22:54:25","4624","Information","Microsoft-Windows-Security-Auditing"
"16/03/2026 22:54:25","4624","Information","Microsoft-Windows-Security-Auditing"
"16/03/2026 22:54:18","4624","Information","Microsoft-Windows-Security-Auditing"
"16/03/2026 22:54:18","4624","Information","Microsoft-Windows-Security-Auditing"
"16/03/2026 22:54:17","4624","Information","Microsoft-Windows-Security-Auditing"
"16/03/2026 22:53:12","4624","Information","Microsoft-Windows-Security-Auditing"
"16/03/2026 22:48:53","4624","Information","Microsoft-Windows-Security-Auditing"
"16/03/2026 22:41:46","4624","Information","Microsoft-Windows-Security-Auditing"
"16/03/2026 22:39:46","4624","Information","Microsoft-Windows-Security-Auditing"
"16/03/2026 22:36:51","4624","Information","Microsoft-Windows-Security-Auditing"
"16/03/2026 22:36:01","4624","Information","Microsoft-Windows-Security-Auditing"
"16/03/2026 22:35:23","4624","Information","Microsoft-Windows-Security-Auditing"
"16/03/2026 22:32:27","4624","Information","Microsoft-Windows-Security-Auditing"
"16/03/2026 22:24:46","4624","Information","Microsoft-Windows-Security-Auditing"
"16/03/2026 22:19:33","4624","Information","Microsoft-Windows-Security-Auditing"
"16/03/2026 22:09:46","4624","Information","Microsoft-Windows-Security-Auditing"
"16/03/2026 21:54:46","4624","Information","Microsoft-Windows-Security-Auditing"
"16/03/2026 21:49:10","4624","Information","Microsoft-Windows-Security-Auditing"
"16/03/2026 21:48:54","4624","Information","Microsoft-Windows-Security-Auditing"
"16/03/2026 21:39:59","4624","Information","Microsoft-Windows-Security-Auditing"
"16/03/2026 21:39:46","4624","Information","Microsoft-Windows-Security-Auditing"
"16/03/2026 21:39:19","4624","Information","Microsoft-Windows-Security-Auditing"
"16/03/2026 21:24:59","4624","Information","Microsoft-Windows-Security-Auditing"
"16/03/2026 21:24:57","4624","Information","Microsoft-Windows-Security-Auditing"
"16/03/2026 21:24:46","4624","Information","Microsoft-Windows-Security-Auditing"
"16/03/2026 21:22:24","4624","Information","Microsoft-Windows-Security-Auditing"
"16/03/2026 21:22:02","4624","Information","Microsoft-Windows-Security-Auditing"
"16/03/2026 21:22:00","4624","Information","Microsoft-Windows-Security-Auditing"
"16/03/2026 21:21:59","4624","Information","Microsoft-Windows-Security-Auditing"
"16/03/2026 21:21:57","4624","Information","Microsoft-Windows-Security-Auditing"
"16/03/2026 21:13:25","4624","Information","Microsoft-Windows-Security-Auditing"
"16/03/2026 21:09:46","4624","Information","Microsoft-Windows-Security-Auditing"
"16/03/2026 21:08:18","4624","Information","Microsoft-Windows-Security-Auditing"
"16/03/2026 20:54:45","4624","Information","Microsoft-Windows-Security-Auditing"
"16/03/2026 20:54:22","4624","Information","Microsoft-Windows-Security-Auditing"
"16/03/2026 20:48:52","4624","Information","Microsoft-Windows-Security-Auditing"
"16/03/2026 20:39:45","4624","Information","Microsoft-Windows-Security-Auditing"
"16/03/2026 20:36:19","4624","Information","Microsoft-Windows-Security-Auditing"
"16/03/2026 20:29:14","4624","Information","Microsoft-Windows-Security-Auditing"
"16/03/2026 20:24:45","4624","Information","Microsoft-Windows-Security-Auditing"
"16/03/2026 20:09:45","4624","Information","Microsoft-Windows-Security-Auditing"
"16/03/2026 20:09:24","4624","Information","Microsoft-Windows-Security-Auditing"
"16/03/2026 20:09:23","4624","Information","Microsoft-Windows-Security-Auditing"
"16/03/2026 19:54:45","4624","Information","Microsoft-Windows-Security-Auditing"
"16/03/2026 19:50:22","4624","Information","Microsoft-Windows-Security-Auditing"
"16/03/2026 19:46:55","4624","Information","Microsoft-Windows-Security-Auditing"
"16/03/2026 19:40:40","4624","Information","Microsoft-Windows-Security-Auditing"
"16/03/2026 19:39:45","4624","Information","Microsoft-Windows-Security-Auditing"
"16/03/2026 19:33:11","4624","Information","Microsoft-Windows-Security-Auditing"
"16/03/2026 19:24:45","4624","Information","Microsoft-Windows-Security-Auditing"
"16/03/2026 19:12:17","4624","Information","Microsoft-Windows-Security-Auditing"
"16/03/2026 19:09:45","4624","Information","Microsoft-Windows-Security-Auditing"
"16/03/2026 19:01:32","4624","Information","Microsoft-Windows-Security-Auditing"
"16/03/2026 18:54:45","4624","Information","Microsoft-Windows-Security-Auditing"
"16/03/2026 18:46:55","4624","Information","Microsoft-Windows-Security-Auditing"
"16/03/2026 18:39:45","4624","Information","Microsoft-Windows-Security-Auditing"
"16/03/2026 18:24:45","4624","Information","Microsoft-Windows-Security-Auditing"
"16/03/2026 18:09:45","4624","Information","Microsoft-Windows-Security-Auditing"
"16/03/2026 17:54:44","4624","Information","Microsoft-Windows-Security-Auditing"
"16/03/2026 17:46:54","4624","Information","Microsoft-Windows-Security-Auditing"
"16/03/2026 17:41:48","4624","Information","Microsoft-Windows-Security-Auditing"
"16/03/2026 17:39:42","4624","Information","Microsoft-Windows-Security-Auditing"
"16/03/2026 17:38:58","4624","Information","Microsoft-Windows-Security-Auditing"
"16/03/2026 17:38:56","4624","Information","Microsoft-Windows-Security-Auditing"
"16/03/2026 17:24:21","4624","Information","Microsoft-Windows-Security-Auditing"
"16/03/2026 17:19:02","4624","Information","Microsoft-Windows-Security-Auditing"
"16/03/2026 17:14:03","4624","Information","Microsoft-Windows-Security-Auditing"
"16/03/2026 17:09:31","4624","Information","Microsoft-Windows-Security-Auditing"
"16/03/2026 16:58:29","4624","Information","Microsoft-Windows-Security-Auditing"
"16/03/2026 16:54:31","4624","Information","Microsoft-Windows-Security-Auditing"
"16/03/2026 16:49:33","4624","Information","Microsoft-Windows-Security-Auditing"
"16/03/2026 16:44:21","4624","Information","Microsoft-Windows-Security-Auditing"
"16/03/2026 16:39:57","4624","Information","Microsoft-Windows-Security-Auditing"
"16/03/2026 16:39:31","4624","Information","Microsoft-Windows-Security-Auditing"
"16/03/2026 16:39:30","4624","Information","Microsoft-Windows-Security-Auditing"
"16/03/2026 16:39:30","4624","Information","Microsoft-Windows-Security-Auditing"
"16/03/2026 16:39:29","4624","Information","Microsoft-Windows-Security-Auditing"
"16/03/2026 16:39:29","4624","Information","Microsoft-Windows-Security-Auditing"
"16/03/2026 16:39:25","4624","Information","Microsoft-Windows-Security-Auditing"
"16/03/2026 16:31:06","4624","Information","Microsoft-Windows-Security-Auditing"
"16/03/2026 16:24:59","4624","Information","Microsoft-Windows-Security-Auditing"
"16/03/2026 16:24:30","4624","Information","Microsoft-Windows-Security-Auditing"
"16/03/2026 16:09:58","4624","Information","Microsoft-Windows-Security-Auditing"
"16/03/2026 16:09:30","4624","Information","Microsoft-Windows-Security-Auditing"
"16/03/2026 16:09:25","4624","Information","Microsoft-Windows-Security-Auditing"
"16/03/2026 15:54:30","4624","Information","Microsoft-Windows-Security-Auditing"
"16/03/2026 15:53:56","4624","Information","Microsoft-Windows-Security-Auditing"
"16/03/2026 15:50:52","4624","Information","Microsoft-Windows-Security-Auditing"
"16/03/2026 15:50:48","4624","Information","Microsoft-Windows-Security-Auditing"
"16/03/2026 15:50:10","4624","Information","Microsoft-Windows-Security-Auditing"
"16/03/2026 15:44:53","4624","Information","Microsoft-Windows-Security-Auditing"
"16/03/2026 15:43:46","4624","Information","Microsoft-Windows-Security-Auditing"
"16/03/2026 15:39:03","4624","Information","Microsoft-Windows-Security-Auditing"
"16/03/2026 15:39:02","4624","Information","Microsoft-Windows-Security-Auditing"
"16/03/2026 15:39:02","4624","Information","Microsoft-Windows-Security-Auditing"
"16/03/2026 15:39:02","4624","Information","Microsoft-Windows-Security-Auditing"
"16/03/2026 15:39:02","4624","Information","Microsoft-Windows-Security-Auditing"
"16/03/2026 15:39:02","4624","Information","Microsoft-Windows-Security-Auditing"
"16/03/2026 15:39:02","4624","Information","Microsoft-Windows-Security-Auditing"
"16/03/2026 15:39:02","4624","Information","Microsoft-Windows-Security-Auditing"
"16/03/2026 15:39:02","4624","Information","Microsoft-Windows-Security-Auditing"
"16/03/2026 15:39:02","4624","Information","Microsoft-Windows-Security-Auditing"
"16/03/2026 15:39:02","4624","Information","Microsoft-Windows-Security-Auditing"
"16/03/2026 15:39:01","4624","Information","Microsoft-Windows-Security-Auditing"
"16/03/2026 15:39:01","4624","Information","Microsoft-Windows-Security-Auditing"
"16/03/2026 15:39:01","4624","Information","Microsoft-Windows-Security-Auditing"
"16/03/2026 15:39:01","4624","Information","Microsoft-Windows-Security-Auditing"
"16/03/2026 15:39:01","4624","Information","Microsoft-Windows-Security-Auditing"
"16/03/2026 15:39:01","4624","Information","Microsoft-Windows-Security-Auditing"
"16/03/2026 15:39:01","4624","Information","Microsoft-Windows-Security-Auditing"
"16/03/2026 15:38:59","4624","Information","Microsoft-Windows-Security-Auditing"
"16/03/2026 15:38:58","4624","Information","Microsoft-Windows-Security-Auditing"
"16/03/2026 15:38:57","4624","Information","Microsoft-Windows-Security-Auditing"
"16/03/2026 15:38:56","4624","Information","Microsoft-Windows-Security-Auditing"
"16/03/2026 15:38:56","4624","Information","Microsoft-Windows-Security-Auditing"
"16/03/2026 15:33:47","4624","Information","Microsoft-Windows-Security-Auditing"
"16/03/2026 15:33:44","4624","Information","Microsoft-Windows-Security-Auditing"
"16/03/2026 15:33:29","4624","Information","Microsoft-Windows-Security-Auditing"
"16/03/2026 15:29:10","4624","Information","Microsoft-Windows-Security-Auditing"
"16/03/2026 15:24:30","4624","Information","Microsoft-Windows-Security-Auditing"
"16/03/2026 15:09:30","4624","Information","Microsoft-Windows-Security-Auditing"
"16/03/2026 14:58:02","4624","Information","Microsoft-Windows-Security-Auditing"
"16/03/2026 14:54:38","4624","Information","Microsoft-Windows-Security-Auditing"
"16/03/2026 14:54:30","4624","Information","Microsoft-Windows-Security-Auditing"
"16/03/2026 14:54:26","4624","Information","Microsoft-Windows-Security-Auditing"
"16/03/2026 14:54:25","4624","Information","Microsoft-Windows-Security-Auditing"
"16/03/2026 14:49:52","4624","Information","Microsoft-Windows-Security-Auditing"
"16/03/2026 14:49:51","4624","Information","Microsoft-Windows-Security-Auditing"
"16/03/2026 14:49:40","4624","Information","Microsoft-Windows-Security-Auditing"
"16/03/2026 14:45:16","4624","Information","Microsoft-Windows-Security-Auditing"
"16/03/2026 14:44:44","4624","Information","Microsoft-Windows-Security-Auditing"
"16/03/2026 14:44:31","4624","Information","Microsoft-Windows-Security-Auditing"
"16/03/2026 14:42:27","4624","Information","Microsoft-Windows-Security-Auditing"
"16/03/2026 14:41:29","4624","Information","Microsoft-Windows-Security-Auditing"
"16/03/2026 14:41:29","4624","Information","Microsoft-Windows-Security-Auditing"
"16/03/2026 14:41:03","4624","Information","Microsoft-Windows-Security-Auditing"
"16/03/2026 14:41:02","4624","Information","Microsoft-Windows-Security-Auditing"
"16/03/2026 14:41:02","4624","Information","Microsoft-Windows-Security-Auditing"
"16/03/2026 14:39:53","4624","Information","Microsoft-Windows-Security-Auditing"
"16/03/2026 14:39:53","4624","Information","Microsoft-Windows-Security-Auditing"
"16/03/2026 14:39:51","4624","Information","Microsoft-Windows-Security-Auditing"
"16/03/2026 14:39:33","4624","Information","Microsoft-Windows-Security-Auditing"
"16/03/2026 14:39:32","4624","Information","Microsoft-Windows-Security-Auditing"
"16/03/2026 14:39:30","4624","Information","Microsoft-Windows-Security-Auditing"
"16/03/2026 14:39:30","4624","Information","Microsoft-Windows-Security-Auditing"
"16/03/2026 14:39:30","4624","Information","Microsoft-Windows-Security-Auditing"
"16/03/2026 14:39:30","4624","Information","Microsoft-Windows-Security-Auditing"
"16/03/2026 14:39:28","4624","Information","Microsoft-Windows-Security-Auditing"
"16/03/2026 14:39:27","4624","Information","Microsoft-Windows-Security-Auditing"
"16/03/2026 14:39:27","4624","Information","Microsoft-Windows-Security-Auditing"
"16/03/2026 14:39:27","4624","Information","Microsoft-Windows-Security-Auditing"
"16/03/2026 14:39:27","4624","Information","Microsoft-Windows-Security-Auditing"
"16/03/2026 14:39:26","4624","Information","Microsoft-Windows-Security-Auditing"
"16/03/2026 14:39:26","4624","Information","Microsoft-Windows-Security-Auditing"
"16/03/2026 14:39:25","4624","Information","Microsoft-Windows-Security-Auditing"
"16/03/2026 14:39:25","4624","Information","Microsoft-Windows-Security-Auditing"
"16/03/2026 14:39:25","4624","Information","Microsoft-Windows-Security-Auditing"
"16/03/2026 14:39:25","4624","Information","Microsoft-Windows-Security-Auditing"
"16/03/2026 14:39:25","4624","Information","Microsoft-Windows-Security-Auditing"
"16/03/2026 14:39:25","4624","Information","Microsoft-Windows-Security-Auditing"
"16/03/2026 14:39:25","4624","Information","Microsoft-Windows-Security-Auditing"
"16/03/2026 14:39:25","4624","Information","Microsoft-Windows-Security-Auditing"
"16/03/2026 14:39:25","4624","Information","Microsoft-Windows-Security-Auditing"
"16/03/2026 14:39:25","4624","Information","Microsoft-Windows-Security-Auditing"
"16/03/2026 14:39:25","4624","Information","Microsoft-Windows-Security-Auditing"
"16/03/2026 14:39:24","4624","Information","Microsoft-Windows-Security-Auditing"
"16/03/2026 14:39:24","4624","Information","Microsoft-Windows-Security-Auditing"
"16/03/2026 14:39:24","4624","Information","Microsoft-Windows-Security-Auditing"
"16/03/2026 14:39:24","4624","Information","Microsoft-Windows-Security-Auditing"
"16/03/2026 14:39:24","4624","Information","Microsoft-Windows-Security-Auditing"
"16/03/2026 14:39:24","4624","Information","Microsoft-Windows-Security-Auditing"
"16/03/2026 14:39:24","4624","Information","Microsoft-Windows-Security-Auditing"
"16/03/2026 14:39:24","4624","Information","Microsoft-Windows-Security-Auditing"
"16/03/2026 14:39:24","4624","Information","Microsoft-Windows-Security-Auditing"
"16/03/2026 14:39:24","4624","Information","Microsoft-Windows-Security-Auditing"
"16/03/2026 14:39:24","4625","Information","Microsoft-Windows-Security-Auditing"
"16/03/2026 14:39:23","4625","Information","Microsoft-Windows-Security-Auditing"
"16/03/2026 14:39:23","4625","Information","Microsoft-Windows-Security-Auditing"
"16/03/2026 14:39:23","4625","Information","Microsoft-Windows-Security-Auditing"
"16/03/2026 14:39:23","4625","Information","Microsoft-Windows-Security-Auditing"
"16/03/2026 14:39:22","4624","Information","Microsoft-Windows-Security-Auditing"
"16/03/2026 14:39:22","4624","Information","Microsoft-Windows-Security-Auditing"
"16/03/2026 14:39:22","4624","Information","Microsoft-Windows-Security-Auditing"
"16/03/2026 14:39:21","4624","Information","Microsoft-Windows-Security-Auditing"
"16/03/2026 14:39:21","4624","Information","Microsoft-Windows-Security-Auditing"
"16/03/2026 14:39:21","4624","Information","Microsoft-Windows-Security-Auditing"
"16/03/2026 14:39:21","4624","Information","Microsoft-Windows-Security-Auditing"
"16/03/2026 14:39:21","4624","Information","Microsoft-Windows-Security-Auditing"
"16/03/2026 14:39:21","4624","Information","Microsoft-Windows-Security-Auditing"
"16/03/2026 14:39:21","4624","Information","Microsoft-Windows-Security-Auditing"
"16/03/2026 14:39:21","4624","Information","Microsoft-Windows-Security-Auditing"
"16/03/2026 14:39:21","4624","Information","Microsoft-Windows-Security-Auditing"
"16/03/2026 14:39:21","4624","Information","Microsoft-Windows-Security-Auditing"
"16/03/2026 14:39:21","4624","Information","Microsoft-Windows-Security-Auditing"
"16/03/2026 14:39:21","4624","Information","Microsoft-Windows-Security-Auditing"
"16/03/2026 14:39:21","4624","Information","Microsoft-Windows-Security-Auditing"
"16/03/2026 14:39:21","4624","Information","Microsoft-Windows-Security-Auditing"
"16/03/2026 14:39:21","4624","Information","Microsoft-Windows-Security-Auditing"
"16/03/2026 14:39:21","4624","Information","Microsoft-Windows-Security-Auditing"
"16/03/2026 14:39:21","4624","Information","Microsoft-Windows-Security-Auditing"
"16/03/2026 14:39:21","4624","Information","Microsoft-Windows-Security-Auditing"
"16/03/2026 14:39:21","4624","Information","Microsoft-Windows-Security-Auditing"
"16/03/2026 14:39:21","4624","Information","Microsoft-Windows-Security-Auditing"
"16/03/2026 14:39:21","4624","Information","Microsoft-Windows-Security-Auditing"
"16/03/2026 14:39:21","4624","Information","Microsoft-Windows-Security-Auditing"
"16/03/2026 14:39:21","4624","Information","Microsoft-Windows-Security-Auditing"
"16/03/2026 14:39:21","4624","Information","Microsoft-Windows-Security-Auditing"
"16/03/2026 14:39:21","4624","Information","Microsoft-Windows-Security-Auditing"
"16/03/2026 14:39:21","4624","Information","Microsoft-Windows-Security-Auditing"
"16/03/2026 14:39:20","4624","Information","Microsoft-Windows-Security-Auditing"
"16/03/2026 14:39:20","4624","Information","Microsoft-Windows-Security-Auditing"
"16/03/2026 14:39:20","4624","Information","Microsoft-Windows-Security-Auditing"
"16/03/2026 14:39:20","4624","Information","Microsoft-Windows-Security-Auditing"
"16/03/2026 14:39:20","4624","Information","Microsoft-Windows-Security-Auditing"
"16/03/2026 14:39:20","4624","Information","Microsoft-Windows-Security-Auditing"
"16/03/2026 14:39:20","4624","Information","Microsoft-Windows-Security-Auditing"
"16/03/2026 14:39:20","4624","Information","Microsoft-Windows-Security-Auditing"
"16/03/2026 14:39:20","4624","Information","Microsoft-Windows-Security-Auditing"
"16/03/2026 14:39:20","4624","Information","Microsoft-Windows-Security-Auditing"
"16/03/2026 14:39:20","4624","Information","Microsoft-Windows-Security-Auditing"
"16/03/2026 14:39:20","4624","Information","Microsoft-Windows-Security-Auditing"
"16/03/2026 14:39:20","4624","Information","Microsoft-Windows-Security-Auditing"
"16/03/2026 14:39:20","4624","Information","Microsoft-Windows-Security-Auditing"
"16/03/2026 14:39:20","4624","Information","Microsoft-Windows-Security-Auditing"
"16/03/2026 14:39:20","4624","Information","Microsoft-Windows-Security-Auditing"
"16/03/2026 14:39:20","4624","Information","Microsoft-Windows-Security-Auditing"
"16/03/2026 14:39:20","4624","Information","Microsoft-Windows-Security-Auditing"
"16/03/2026 14:39:20","4624","Information","Microsoft-Windows-Security-Auditing"
"16/03/2026 12:42:33","4624","Information","Microsoft-Windows-Security-Auditing"
"16/03/2026 12:41:46","4624","Information","Microsoft-Windows-Security-Auditing"
"16/03/2026 12:41:16","4624","Information","Microsoft-Windows-Security-Auditing"
"16/03/2026 12:41:16","4624","Information","Microsoft-Windows-Security-Auditing"
"16/03/2026 12:39:25","4624","Information","Microsoft-Windows-Security-Auditing"
"16/03/2026 12:38:52","4624","Information","Microsoft-Windows-Security-Auditing"
"16/03/2026 12:24:28","4624","Information","Microsoft-Windows-Security-Auditing"
"16/03/2026 12:23:52","4624","Information","Microsoft-Windows-Security-Auditing"
"16/03/2026 12:11:39","4624","Information","Microsoft-Windows-Security-Auditing"
"16/03/2026 12:11:39","4624","Information","Microsoft-Windows-Security-Auditing"
"16/03/2026 12:11:39","4624","Information","Microsoft-Windows-Security-Auditing"
"16/03/2026 12:08:52","4624","Information","Microsoft-Windows-Security-Auditing"
"16/03/2026 12:07:00","4624","Information","Microsoft-Windows-Security-Auditing"
"16/03/2026 12:02:04","4624","Information","Microsoft-Windows-Security-Auditing"
"16/03/2026 12:00:05","4624","Information","Microsoft-Windows-Security-Auditing"
"16/03/2026 11:59:06","4624","Information","Microsoft-Windows-Security-Auditing"
"16/03/2026 11:57:35","4624","Information","Microsoft-Windows-Security-Auditing"
"16/03/2026 11:55:40","4624","Information","Microsoft-Windows-Security-Auditing"
"16/03/2026 11:55:30","4624","Information","Microsoft-Windows-Security-Auditing"
"16/03/2026 11:53:56","4624","Information","Microsoft-Windows-Security-Auditing"
"16/03/2026 11:53:56","4624","Information","Microsoft-Windows-Security-Auditing"
"16/03/2026 11:53:56","4624","Information","Microsoft-Windows-Security-Auditing"
"16/03/2026 11:53:56","4624","Information","Microsoft-Windows-Security-Auditing"
"16/03/2026 11:53:53","4624","Information","Microsoft-Windows-Security-Auditing"
"16/03/2026 11:53:51","4624","Information","Microsoft-Windows-Security-Auditing"
"16/03/2026 10:13:40","4624","Information","Microsoft-Windows-Security-Auditing"
"16/03/2026 10:13:32","4624","Information","Microsoft-Windows-Security-Auditing"
"16/03/2026 10:13:32","4624","Information","Microsoft-Windows-Security-Auditing"
"16/03/2026 10:13:32","4624","Information","Microsoft-Windows-Security-Auditing"
"16/03/2026 10:13:32","4624","Information","Microsoft-Windows-Security-Auditing"
"16/03/2026 10:13:32","4624","Information","Microsoft-Windows-Security-Auditing"
"16/03/2026 10:13:21","4624","Information","Microsoft-Windows-Security-Auditing"
"16/03/2026 10:12:10","4624","Information","Microsoft-Windows-Security-Auditing"
"16/03/2026 10:12:05","4624","Information","Microsoft-Windows-Security-Auditing"
"16/03/2026 10:12:05","4624","Information","Microsoft-Windows-Security-Auditing"
"16/03/2026 10:12:04","4624","Information","Microsoft-Windows-Security-Auditing"
"16/03/2026 10:11:11","4624","Information","Microsoft-Windows-Security-Auditing"
"16/03/2026 10:11:11","4624","Information","Microsoft-Windows-Security-Auditing"
"16/03/2026 10:08:11","4624","Information","Microsoft-Windows-Security-Auditing"
"16/03/2026 10:08:11","4624","Information","Microsoft-Windows-Security-Auditing"
"16/03/2026 10:08:11","4624","Information","Microsoft-Windows-Security-Auditing"
"16/03/2026 10:08:11","4624","Information","Microsoft-Windows-Security-Auditing"
"16/03/2026 10:08:11","4624","Information","Microsoft-Windows-Security-Auditing"
"16/03/2026 10:08:07","4624","Information","Microsoft-Windows-Security-Auditing"
"16/03/2026 10:08:07","4624","Information","Microsoft-Windows-Security-Auditing"
"16/03/2026 10:07:21","4624","Information","Microsoft-Windows-Security-Auditing"
"16/03/2026 10:07:21","4624","Information","Microsoft-Windows-Security-Auditing"
"16/03/2026 10:07:21","4624","Information","Microsoft-Windows-Security-Auditing"
"16/03/2026 10:06:34","4624","Information","Microsoft-Windows-Security-Auditing"
"16/03/2026 10:05:06","4624","Information","Microsoft-Windows-Security-Auditing"
"16/03/2026 10:04:20","4624","Information","Microsoft-Windows-Security-Auditing"
"16/03/2026 10:04:09","4624","Information","Microsoft-Windows-Security-Auditing"
"16/03/2026 10:04:08","4624","Information","Microsoft-Windows-Security-Auditing"
"16/03/2026 10:04:08","4624","Information","Microsoft-Windows-Security-Auditing"
"16/03/2026 10:04:08","4624","Information","Microsoft-Windows-Security-Auditing"
"16/03/2026 10:04:07","4624","Information","Microsoft-Windows-Security-Auditing"
"16/03/2026 10:04:06","4624","Information","Microsoft-Windows-Security-Auditing"
"16/03/2026 10:02:14","4624","Information","Microsoft-Windows-Security-Auditing"
"16/03/2026 10:02:13","4624","Information","Microsoft-Windows-Security-Auditing"
"16/03/2026 10:02:13","4624","Information","Microsoft-Windows-Security-Auditing"
"16/03/2026 10:02:12","4624","Information","Microsoft-Windows-Security-Auditing"
"16/03/2026 10:02:07","4624","Information","Microsoft-Windows-Security-Auditing"
"16/03/2026 10:02:07","4624","Information","Microsoft-Windows-Security-Auditing"
"16/03/2026 10:02:07","4624","Information","Microsoft-Windows-Security-Auditing"
"16/03/2026 10:02:06","4624","Information","Microsoft-Windows-Security-Auditing"
"16/03/2026 10:02:05","4624","Information","Microsoft-Windows-Security-Auditing"
"16/03/2026 10:02:05","4624","Information","Microsoft-Windows-Security-Auditing"
"16/03/2026 10:02:05","4624","Information","Microsoft-Windows-Security-Auditing"
"16/03/2026 10:02:05","4624","Information","Microsoft-Windows-Security-Auditing"
"16/03/2026 10:02:04","4624","Information","Microsoft-Windows-Security-Auditing"
"16/03/2026 10:02:04","4624","Information","Microsoft-Windows-Security-Auditing"
"16/03/2026 10:02:04","4624","Information","Microsoft-Windows-Security-Auditing"
"16/03/2026 10:02:04","4624","Information","Microsoft-Windows-Security-Auditing"
"16/03/2026 10:02:04","4624","Information","Microsoft-Windows-Security-Auditing"
"16/03/2026 10:02:04","4624","Information","Microsoft-Windows-Security-Auditing"
"16/03/2026 10:02:04","4624","Information","Microsoft-Windows-Security-Auditing"
"16/03/2026 10:02:03","4624","Information","Microsoft-Windows-Security-Auditing"
"16/03/2026 10:02:03","4624","Information","Microsoft-Windows-Security-Auditing"
"16/03/2026 10:02:03","4624","Information","Microsoft-Windows-Security-Auditing"
"16/03/2026 10:02:03","4624","Information","Microsoft-Windows-Security-Auditing"
"16/03/2026 10:02:03","4624","Information","Microsoft-Windows-Security-Auditing"
"16/03/2026 10:02:03","4624","Information","Microsoft-Windows-Security-Auditing"
"16/03/2026 10:02:03","4624","Information","Microsoft-Windows-Security-Auditing"
"16/03/2026 10:02:03","4624","Information","Microsoft-Windows-Security-Auditing"
"16/03/2026 10:02:03","4624","Information","Microsoft-Windows-Security-Auditing"
"16/03/2026 10:02:03","4624","Information","Microsoft-Windows-Security-Auditing"
"16/03/2026 10:02:03","4624","Information","Microsoft-Windows-Security-Auditing"
"16/03/2026 10:02:03","4624","Information","Microsoft-Windows-Security-Auditing"
"16/03/2026 10:02:03","4624","Information","Microsoft-Windows-Security-Auditing"
"16/03/2026 10:02:02","4625","Information","Microsoft-Windows-Security-Auditing"
"16/03/2026 10:02:01","4625","Information","Microsoft-Windows-Security-Auditing"
"16/03/2026 10:02:01","4625","Information","Microsoft-Windows-Security-Auditing"
"16/03/2026 10:02:01","4625","Information","Microsoft-Windows-Security-Auditing"
"16/03/2026 10:02:01","4625","Information","Microsoft-Windows-Security-Auditing"
"16/03/2026 10:02:00","4624","Information","Microsoft-Windows-Security-Auditing"
"16/03/2026 10:02:00","4624","Information","Microsoft-Windows-Security-Auditing"
"16/03/2026 10:02:00","4624","Information","Microsoft-Windows-Security-Auditing"
"16/03/2026 10:02:00","4624","Information","Microsoft-Windows-Security-Auditing"
"16/03/2026 10:02:00","4624","Information","Microsoft-Windows-Security-Auditing"
"16/03/2026 10:02:00","4624","Information","Microsoft-Windows-Security-Auditing"
"16/03/2026 10:02:00","4624","Information","Microsoft-Windows-Security-Auditing"
"16/03/2026 10:02:00","4624","Information","Microsoft-Windows-Security-Auditing"
"16/03/2026 10:02:00","4624","Information","Microsoft-Windows-Security-Auditing"
"16/03/2026 10:02:00","4624","Information","Microsoft-Windows-Security-Auditing"
"16/03/2026 10:02:00","4624","Information","Microsoft-Windows-Security-Auditing"
"16/03/2026 10:01:59","4624","Information","Microsoft-Windows-Security-Auditing"
"16/03/2026 10:01:59","4624","Information","Microsoft-Windows-Security-Auditing"
"16/03/2026 10:01:59","4624","Information","Microsoft-Windows-Security-Auditing"
"16/03/2026 10:01:59","4624","Information","Microsoft-Windows-Security-Auditing"
"16/03/2026 10:01:59","4624","Information","Microsoft-Windows-Security-Auditing"
"16/03/2026 10:01:59","4624","Information","Microsoft-Windows-Security-Auditing"
"16/03/2026 10:01:59","4624","Information","Microsoft-Windows-Security-Auditing"
"16/03/2026 10:01:59","4624","Information","Microsoft-Windows-Security-Auditing"
"16/03/2026 10:01:59","4624","Information","Microsoft-Windows-Security-Auditing"
"16/03/2026 10:01:59","4624","Information","Microsoft-Windows-Security-Auditing"
"16/03/2026 10:01:59","4624","Information","Microsoft-Windows-Security-Auditing"
"16/03/2026 10:01:59","4624","Information","Microsoft-Windows-Security-Auditing"
"16/03/2026 10:01:59","4624","Information","Microsoft-Windows-Security-Auditing"
"16/03/2026 10:01:59","4624","Information","Microsoft-Windows-Security-Auditing"
"16/03/2026 10:01:59","4624","Information","Microsoft-Windows-Security-Auditing"
"16/03/2026 10:01:59","4624","Information","Microsoft-Windows-Security-Auditing"
"16/03/2026 10:01:59","4624","Information","Microsoft-Windows-Security-Auditing"
"16/03/2026 10:01:59","4624","Information","Microsoft-Windows-Security-Auditing"
"16/03/2026 10:01:59","4624","Information","Microsoft-Windows-Security-Auditing"
"16/03/2026 10:01:59","4624","Information","Microsoft-Windows-Security-Auditing"
"16/03/2026 10:01:59","4624","Information","Microsoft-Windows-Security-Auditing"
"16/03/2026 10:01:59","4624","Information","Microsoft-Windows-Security-Auditing"
"16/03/2026 10:01:59","4624","Information","Microsoft-Windows-Security-Auditing"
"16/03/2026 10:01:59","4624","Information","Microsoft-Windows-Security-Auditing"
"16/03/2026 10:01:59","4624","Information","Microsoft-Windows-Security-Auditing"
"16/03/2026 10:01:59","4624","Information","Microsoft-Windows-Security-Auditing"
"16/03/2026 10:01:59","4624","Information","Microsoft-Windows-Security-Auditing"
"16/03/2026 10:01:59","4624","Information","Microsoft-Windows-Security-Auditing"
"16/03/2026 10:01:59","4624","Information","Microsoft-Windows-Security-Auditing"
"16/03/2026 10:01:59","4624","Information","Microsoft-Windows-Security-Auditing"
"16/03/2026 10:01:59","4624","Information","Microsoft-Windows-Security-Auditing"
"16/03/2026 10:01:59","4624","Information","Microsoft-Windows-Security-Auditing"
"16/03/2026 10:01:58","4624","Information","Microsoft-Windows-Security-Auditing"
"16/03/2026 10:01:58","4624","Information","Microsoft-Windows-Security-Auditing"
"16/03/2026 10:01:58","4624","Information","Microsoft-Windows-Security-Auditing"
"16/03/2026 10:01:58","4624","Information","Microsoft-Windows-Security-Auditing"
"16/03/2026 10:01:58","4624","Information","Microsoft-Windows-Security-Auditing"
"16/03/2026 10:01:58","4624","Information","Microsoft-Windows-Security-Auditing"
"16/03/2026 10:01:58","4624","Information","Microsoft-Windows-Security-Auditing"
"16/03/2026 09:56:29","4624","Information","Microsoft-Windows-Security-Auditing"
"16/03/2026 09:56:28","4624","Information","Microsoft-Windows-Security-Auditing"
"16/03/2026 09:56:25","4624","Information","Microsoft-Windows-Security-Auditing"
"16/03/2026 09:54:41","4624","Information","Microsoft-Windows-Security-Auditing"
"16/03/2026 09:52:02","4624","Information","Microsoft-Windows-Security-Auditing"
"16/03/2026 09:51:01","4624","Information","Microsoft-Windows-Security-Auditing"
"16/03/2026 09:51:00","4624","Information","Microsoft-Windows-Security-Auditing"
"16/03/2026 09:51:00","4624","Information","Microsoft-Windows-Security-Auditing"
"16/03/2026 09:50:44","4624","Information","Microsoft-Windows-Security-Auditing"
"16/03/2026 09:45:18","4624","Information","Microsoft-Windows-Security-Auditing"
"16/03/2026 09:37:54","4624","Information","Microsoft-Windows-Security-Auditing"
"16/03/2026 09:35:59","4624","Information","Microsoft-Windows-Security-Auditing"
"16/03/2026 09:32:35","4624","Information","Microsoft-Windows-Security-Auditing"
"16/03/2026 09:27:07","4624","Information","Microsoft-Windows-Security-Auditing"
"16/03/2026 09:24:31","4624","Information","Microsoft-Windows-Security-Auditing"
"16/03/2026 09:20:59","4624","Information","Microsoft-Windows-Security-Auditing"
"16/03/2026 09:18:15","4624","Information","Microsoft-Windows-Security-Auditing"
"16/03/2026 09:18:05","4624","Information","Microsoft-Windows-Security-Auditing"
"16/03/2026 09:16:53","4624","Information","Microsoft-Windows-Security-Auditing"
"16/03/2026 09:16:51","4624","Information","Microsoft-Windows-Security-Auditing"
"16/03/2026 09:16:50","4624","Information","Microsoft-Windows-Security-Auditing"
"16/03/2026 09:16:47","4624","Information","Microsoft-Windows-Security-Auditing"
"16/03/2026 09:11:49","4624","Information","Microsoft-Windows-Security-Auditing"
"16/03/2026 09:10:59","4624","Information","Microsoft-Windows-Security-Auditing"
"16/03/2026 09:08:37","4624","Information","Microsoft-Windows-Security-Auditing"
"16/03/2026 09:08:33","4624","Information","Microsoft-Windows-Security-Auditing"
"16/03/2026 09:08:27","4624","Information","Microsoft-Windows-Security-Auditing"
"16/03/2026 09:08:27","4624","Information","Microsoft-Windows-Security-Auditing"
"16/03/2026 09:08:09","4624","Information","Microsoft-Windows-Security-Auditing"
"16/03/2026 09:05:31","4624","Information","Microsoft-Windows-Security-Auditing"
"16/03/2026 09:05:00","4624","Information","Microsoft-Windows-Security-Auditing"
"16/03/2026 08:57:00","4624","Information","Microsoft-Windows-Security-Auditing"
"16/03/2026 08:57:00","4624","Information","Microsoft-Windows-Security-Auditing"
"16/03/2026 08:56:33","4624","Information","Microsoft-Windows-Security-Auditing"
"16/03/2026 08:55:07","4624","Information","Microsoft-Windows-Security-Auditing"
"16/03/2026 08:53:07","4624","Information","Microsoft-Windows-Security-Auditing"
"16/03/2026 08:52:47","4624","Information","Microsoft-Windows-Security-Auditing"
"16/03/2026 08:51:19","4624","Information","Microsoft-Windows-Security-Auditing"
"16/03/2026 08:51:11","4624","Information","Microsoft-Windows-Security-Auditing"
"16/03/2026 08:51:10","4624","Information","Microsoft-Windows-Security-Auditing"
"16/03/2026 08:51:10","4624","Information","Microsoft-Windows-Security-Auditing"
"16/03/2026 08:51:10","4624","Information","Microsoft-Windows-Security-Auditing"
"16/03/2026 08:51:10","4624","Information","Microsoft-Windows-Security-Auditing"
"16/03/2026 08:51:00","4624","Information","Microsoft-Windows-Security-Auditing"
"16/03/2026 08:50:58","4624","Information","Microsoft-Windows-Security-Auditing"
"16/03/2026 01:08:58","4624","Information","Microsoft-Windows-Security-Auditing"
"16/03/2026 01:08:22","4624","Information","Microsoft-Windows-Security-Auditing"
"16/03/2026 01:08:20","4624","Information","Microsoft-Windows-Security-Auditing"
"16/03/2026 01:08:20","4624","Information","Microsoft-Windows-Security-Auditing"
"16/03/2026 01:04:12","4624","Information","Microsoft-Windows-Security-Auditing"
"16/03/2026 01:04:09","4624","Information","Microsoft-Windows-Security-Auditing"
"16/03/2026 01:02:04","4624","Information","Microsoft-Windows-Security-Auditing"
"16/03/2026 00:47:04","4624","Information","Microsoft-Windows-Security-Auditing"
"16/03/2026 00:44:29","4624","Information","Microsoft-Windows-Security-Auditing"
"16/03/2026 00:32:04","4624","Information","Microsoft-Windows-Security-Auditing"
"16/03/2026 00:32:03","4624","Information","Microsoft-Windows-Security-Auditing"
"16/03/2026 00:17:04","4624","Information","Microsoft-Windows-Security-Auditing"
"16/03/2026 00:02:04","4624","Information","Microsoft-Windows-Security-Auditing"
"15/03/2026 23:47:04","4624","Information","Microsoft-Windows-Security-Auditing"
"15/03/2026 23:44:29","4624","Information","Microsoft-Windows-Security-Auditing"
"15/03/2026 23:36:21","4624","Information","Microsoft-Windows-Security-Auditing"
"15/03/2026 23:32:04","4624","Information","Microsoft-Windows-Security-Auditing"
"15/03/2026 23:13:10","4624","Information","Microsoft-Windows-Security-Auditing"
"15/03/2026 23:13:05","4624","Information","Microsoft-Windows-Security-Auditing"
"15/03/2026 23:13:03","4624","Information","Microsoft-Windows-Security-Auditing"
"15/03/2026 23:13:03","4624","Information","Microsoft-Windows-Security-Auditing"
"15/03/2026 23:02:03","4624","Information","Microsoft-Windows-Security-Auditing"
"15/03/2026 22:47:03","4624","Information","Microsoft-Windows-Security-Auditing"
"15/03/2026 22:44:29","4624","Information","Microsoft-Windows-Security-Auditing"
"15/03/2026 22:32:03","4624","Information","Microsoft-Windows-Security-Auditing"
"15/03/2026 22:17:03","4624","Information","Microsoft-Windows-Security-Auditing"
"15/03/2026 22:02:03","4624","Information","Microsoft-Windows-Security-Auditing"
"15/03/2026 21:47:03","4624","Information","Microsoft-Windows-Security-Auditing"
"15/03/2026 21:44:29","4624","Information","Microsoft-Windows-Security-Auditing"
"15/03/2026 21:37:30","4624","Information","Microsoft-Windows-Security-Auditing"
"15/03/2026 21:32:03","4624","Information","Microsoft-Windows-Security-Auditing"
"15/03/2026 21:26:38","4624","Information","Microsoft-Windows-Security-Auditing"
"15/03/2026 21:17:11","4624","Information","Microsoft-Windows-Security-Auditing"
"15/03/2026 21:17:03","4624","Information","Microsoft-Windows-Security-Auditing"
"15/03/2026 21:16:21","4624","Information","Microsoft-Windows-Security-Auditing"
"15/03/2026 21:16:06","4624","Information","Microsoft-Windows-Security-Auditing"
"15/03/2026 21:12:17","4624","Information","Microsoft-Windows-Security-Auditing"
"15/03/2026 21:03:52","4624","Information","Microsoft-Windows-Security-Auditing"
"15/03/2026 21:02:03","4624","Information","Microsoft-Windows-Security-Auditing"
"15/03/2026 20:57:19","4624","Information","Microsoft-Windows-Security-Auditing"
"15/03/2026 20:56:05","4624","Information","Microsoft-Windows-Security-Auditing"
"15/03/2026 20:53:17","4624","Information","Microsoft-Windows-Security-Auditing"
"15/03/2026 20:53:15","4624","Information","Microsoft-Windows-Security-Auditing"
"15/03/2026 20:47:03","4624","Information","Microsoft-Windows-Security-Auditing"
"15/03/2026 20:44:28","4624","Information","Microsoft-Windows-Security-Auditing"
"15/03/2026 20:33:37","4624","Information","Microsoft-Windows-Security-Auditing"
"15/03/2026 20:32:08","4624","Information","Microsoft-Windows-Security-Auditing"
"15/03/2026 20:32:03","4624","Information","Microsoft-Windows-Security-Auditing"
"15/03/2026 20:20:59","4624","Information","Microsoft-Windows-Security-Auditing"
"15/03/2026 20:20:56","4624","Information","Microsoft-Windows-Security-Auditing"
"15/03/2026 20:20:56","4624","Information","Microsoft-Windows-Security-Auditing"
"15/03/2026 20:19:23","4624","Information","Microsoft-Windows-Security-Auditing"
"15/03/2026 20:17:02","4624","Information","Microsoft-Windows-Security-Auditing"
"15/03/2026 20:07:03","4624","Information","Microsoft-Windows-Security-Auditing"
"15/03/2026 20:02:36","4624","Information","Microsoft-Windows-Security-Auditing"
"15/03/2026 20:02:33","4624","Information","Microsoft-Windows-Security-Auditing"
"15/03/2026 20:02:02","4624","Information","Microsoft-Windows-Security-Auditing"
"15/03/2026 19:48:44","4624","Information","Microsoft-Windows-Security-Auditing"
"15/03/2026 19:48:03","4624","Information","Microsoft-Windows-Security-Auditing"
"15/03/2026 19:48:02","4624","Information","Microsoft-Windows-Security-Auditing"
"15/03/2026 19:48:01","4624","Information","Microsoft-Windows-Security-Auditing"
"15/03/2026 19:47:59","4624","Information","Microsoft-Windows-Security-Auditing"
"15/03/2026 19:47:42","4624","Information","Microsoft-Windows-Security-Auditing"
"15/03/2026 19:47:02","4624","Information","Microsoft-Windows-Security-Auditing"
"15/03/2026 19:43:00","4624","Information","Microsoft-Windows-Security-Auditing"
"15/03/2026 19:42:46","4624","Information","Microsoft-Windows-Security-Auditing"
"15/03/2026 19:36:37","4624","Information","Microsoft-Windows-Security-Auditing"
"15/03/2026 19:34:29","4624","Information","Microsoft-Windows-Security-Auditing"
"15/03/2026 19:33:55","4624","Information","Microsoft-Windows-Security-Auditing"
"15/03/2026 19:32:59","4624","Information","Microsoft-Windows-Security-Auditing"
"15/03/2026 19:32:59","4624","Information","Microsoft-Windows-Security-Auditing"
"15/03/2026 19:32:59","4624","Information","Microsoft-Windows-Security-Auditing"
"15/03/2026 19:32:59","4624","Information","Microsoft-Windows-Security-Auditing"
"15/03/2026 19:32:59","4624","Information","Microsoft-Windows-Security-Auditing"
"15/03/2026 19:32:22","4624","Information","Microsoft-Windows-Security-Auditing"
"15/03/2026 19:32:16","4624","Information","Microsoft-Windows-Security-Auditing"
"15/03/2026 19:32:11","4624","Information","Microsoft-Windows-Security-Auditing"
"15/03/2026 19:32:09","4624","Information","Microsoft-Windows-Security-Auditing"
"15/03/2026 19:32:02","4624","Information","Microsoft-Windows-Security-Auditing"
"15/03/2026 19:32:02","4624","Information","Microsoft-Windows-Security-Auditing"
"15/03/2026 13:04:36","4624","Information","Microsoft-Windows-Security-Auditing"
"15/03/2026 13:04:01","4624","Information","Microsoft-Windows-Security-Auditing"
"15/03/2026 13:03:59","4624","Information","Microsoft-Windows-Security-Auditing"
"15/03/2026 13:03:43","4624","Information","Microsoft-Windows-Security-Auditing"
"15/03/2026 13:02:11","4624","Information","Microsoft-Windows-Security-Auditing"
"15/03/2026 12:53:34","4624","Information","Microsoft-Windows-Security-Auditing"
"15/03/2026 12:49:39","4624","Information","Microsoft-Windows-Security-Auditing"
"15/03/2026 12:48:43","4624","Information","Microsoft-Windows-Security-Auditing"
"15/03/2026 12:46:49","4624","Information","Microsoft-Windows-Security-Auditing"
"15/03/2026 12:45:56","4624","Information","Microsoft-Windows-Security-Auditing"
"15/03/2026 12:45:40","4624","Information","Microsoft-Windows-Security-Auditing"
"15/03/2026 12:45:37","4624","Information","Microsoft-Windows-Security-Auditing"
"15/03/2026 12:45:33","4624","Information","Microsoft-Windows-Security-Auditing"
"15/03/2026 12:33:43","4624","Information","Microsoft-Windows-Security-Auditing"
"15/03/2026 12:25:59","4624","Information","Microsoft-Windows-Security-Auditing"
"15/03/2026 12:20:01","4624","Information","Microsoft-Windows-Security-Auditing"
"15/03/2026 12:20:01","4624","Information","Microsoft-Windows-Security-Auditing"
"15/03/2026 12:18:43","4624","Information","Microsoft-Windows-Security-Auditing"
"15/03/2026 12:03:43","4624","Information","Microsoft-Windows-Security-Auditing"
"15/03/2026 12:02:42","4624","Information","Microsoft-Windows-Security-Auditing"
"15/03/2026 12:00:15","4624","Information","Microsoft-Windows-Security-Auditing"
"15/03/2026 12:00:15","4624","Information","Microsoft-Windows-Security-Auditing"
"15/03/2026 12:00:09","4624","Information","Microsoft-Windows-Security-Auditing"
"15/03/2026 12:00:09","4624","Information","Microsoft-Windows-Security-Auditing"
"15/03/2026 11:56:52","4624","Information","Microsoft-Windows-Security-Auditing"
"15/03/2026 11:48:43","4624","Information","Microsoft-Windows-Security-Auditing"
"15/03/2026 11:46:34","4624","Information","Microsoft-Windows-Security-Auditing"
"15/03/2026 11:46:22","4624","Information","Microsoft-Windows-Security-Auditing"
"15/03/2026 11:46:21","4624","Information","Microsoft-Windows-Security-Auditing"
"15/03/2026 11:42:39","4624","Information","Microsoft-Windows-Security-Auditing"
"15/03/2026 11:42:36","4624","Information","Microsoft-Windows-Security-Auditing"
"15/03/2026 11:42:33","4624","Information","Microsoft-Windows-Security-Auditing"
"15/03/2026 11:33:43","4624","Information","Microsoft-Windows-Security-Auditing"
"15/03/2026 11:24:51","4624","Information","Microsoft-Windows-Security-Auditing"
"15/03/2026 11:18:51","4624","Information","Microsoft-Windows-Security-Auditing"
"15/03/2026 11:18:42","4624","Information","Microsoft-Windows-Security-Auditing"
"15/03/2026 11:15:14","4624","Information","Microsoft-Windows-Security-Auditing"
"15/03/2026 11:15:01","4624","Information","Microsoft-Windows-Security-Auditing"
"15/03/2026 11:14:08","4624","Information","Microsoft-Windows-Security-Auditing"
"15/03/2026 11:13:12","4624","Information","Microsoft-Windows-Security-Auditing"
"15/03/2026 11:13:11","4624","Information","Microsoft-Windows-Security-Auditing"
"15/03/2026 11:13:01","4624","Information","Microsoft-Windows-Security-Auditing"
"15/03/2026 11:12:59","4624","Information","Microsoft-Windows-Security-Auditing"
"15/03/2026 11:12:58","4624","Information","Microsoft-Windows-Security-Auditing"
"15/03/2026 11:12:58","4624","Information","Microsoft-Windows-Security-Auditing"
"15/03/2026 11:12:58","4624","Information","Microsoft-Windows-Security-Auditing"
"15/03/2026 11:12:57","4624","Information","Microsoft-Windows-Security-Auditing"
"15/03/2026 11:12:55","4624","Information","Microsoft-Windows-Security-Auditing"
"15/03/2026 11:12:54","4624","Information","Microsoft-Windows-Security-Auditing"
"15/03/2026 11:12:54","4624","Information","Microsoft-Windows-Security-Auditing"
"15/03/2026 11:10:24","4624","Information","Microsoft-Windows-Security-Auditing"
"15/03/2026 10:59:59","4624","Information","Microsoft-Windows-Security-Auditing"
"15/03/2026 10:48:43","4624","Information","Microsoft-Windows-Security-Auditing"
"15/03/2026 10:47:36","4624","Information","Microsoft-Windows-Security-Auditing"
"15/03/2026 10:46:12","4624","Information","Microsoft-Windows-Security-Auditing"
"15/03/2026 10:42:59","4624","Information","Microsoft-Windows-Security-Auditing"
"15/03/2026 10:35:28","4624","Information","Microsoft-Windows-Security-Auditing"
"15/03/2026 10:33:43","4624","Information","Microsoft-Windows-Security-Auditing"
"15/03/2026 10:33:08","4624","Information","Microsoft-Windows-Security-Auditing"
"15/03/2026 10:26:37","4624","Information","Microsoft-Windows-Security-Auditing"
"15/03/2026 10:22:15","4624","Information","Microsoft-Windows-Security-Auditing"
"15/03/2026 10:18:42","4624","Information","Microsoft-Windows-Security-Auditing"
"15/03/2026 10:10:37","4624","Information","Microsoft-Windows-Security-Auditing"
"15/03/2026 10:03:42","4624","Information","Microsoft-Windows-Security-Auditing"
"15/03/2026 09:54:01","4624","Information","Microsoft-Windows-Security-Auditing"
"15/03/2026 09:48:42","4624","Information","Microsoft-Windows-Security-Auditing"
"15/03/2026 09:48:15","4624","Information","Microsoft-Windows-Security-Auditing"
"15/03/2026 09:43:06","4624","Information","Microsoft-Windows-Security-Auditing"
"15/03/2026 09:40:08","4624","Information","Microsoft-Windows-Security-Auditing"
"15/03/2026 09:39:58","4624","Information","Microsoft-Windows-Security-Auditing"
"15/03/2026 09:37:59","4624","Information","Microsoft-Windows-Security-Auditing"
"15/03/2026 09:35:05","4624","Information","Microsoft-Windows-Security-Auditing"
"15/03/2026 09:35:03","4624","Information","Microsoft-Windows-Security-Auditing"
"15/03/2026 09:33:42","4624","Information","Microsoft-Windows-Security-Auditing"
"15/03/2026 09:28:24","4624","Information","Microsoft-Windows-Security-Auditing"
"15/03/2026 09:20:28","4624","Information","Microsoft-Windows-Security-Auditing"
"15/03/2026 09:18:42","4624","Information","Microsoft-Windows-Security-Auditing"
"15/03/2026 09:08:39","4624","Information","Microsoft-Windows-Security-Auditing"
"15/03/2026 09:03:48","4624","Information","Microsoft-Windows-Security-Auditing"
"15/03/2026 09:03:42","4624","Information","Microsoft-Windows-Security-Auditing"
"15/03/2026 09:03:42","4624","Information","Microsoft-Windows-Security-Auditing"
"15/03/2026 09:03:42","4624","Information","Microsoft-Windows-Security-Auditing"
"15/03/2026 09:03:42","4624","Information","Microsoft-Windows-Security-Auditing"
"15/03/2026 09:02:23","4624","Information","Microsoft-Windows-Security-Auditing"
"15/03/2026 09:00:24","4624","Information","Microsoft-Windows-Security-Auditing"
"15/03/2026 08:59:53","4624","Information","Microsoft-Windows-Security-Auditing"
"15/03/2026 08:52:28","4624","Information","Microsoft-Windows-Security-Auditing"
"15/03/2026 08:52:25","4624","Information","Microsoft-Windows-Security-Auditing"
"15/03/2026 08:48:42","4624","Information","Microsoft-Windows-Security-Auditing"
"15/03/2026 08:33:42","4624","Information","Microsoft-Windows-Security-Auditing"
"15/03/2026 08:18:42","4624","Information","Microsoft-Windows-Security-Auditing"
"15/03/2026 08:15:39","4624","Information","Microsoft-Windows-Security-Auditing"
"15/03/2026 08:09:38","4624","Information","Microsoft-Windows-Security-Auditing"
"15/03/2026 08:03:42","4624","Information","Microsoft-Windows-Security-Auditing"
"15/03/2026 07:58:06","4624","Information","Microsoft-Windows-Security-Auditing"
"15/03/2026 07:52:30","4624","Information","Microsoft-Windows-Security-Auditing"
"15/03/2026 07:51:44","4624","Information","Microsoft-Windows-Security-Auditing"
"15/03/2026 07:51:42","4624","Information","Microsoft-Windows-Security-Auditing"
"15/03/2026 07:51:42","4624","Information","Microsoft-Windows-Security-Auditing"
"15/03/2026 07:51:42","4624","Information","Microsoft-Windows-Security-Auditing"
"15/03/2026 07:51:35","4624","Information","Microsoft-Windows-Security-Auditing"
"15/03/2026 07:51:31","4624","Information","Microsoft-Windows-Security-Auditing"
"15/03/2026 07:50:09","4624","Information","Microsoft-Windows-Security-Auditing"
"15/03/2026 07:48:42","4624","Information","Microsoft-Windows-Security-Auditing"
"15/03/2026 07:45:12","4624","Information","Microsoft-Windows-Security-Auditing"
"15/03/2026 07:38:09","4624","Information","Microsoft-Windows-Security-Auditing"
"15/03/2026 07:34:21","4624","Information","Microsoft-Windows-Security-Auditing"
"15/03/2026 07:30:02","4624","Information","Microsoft-Windows-Security-Auditing"
"15/03/2026 07:25:16","4624","Information","Microsoft-Windows-Security-Auditing"
"15/03/2026 07:24:14","4624","Information","Microsoft-Windows-Security-Auditing"
"15/03/2026 07:24:11","4624","Information","Microsoft-Windows-Security-Auditing"
"15/03/2026 07:23:55","4624","Information","Microsoft-Windows-Security-Auditing"
"15/03/2026 07:20:46","4624","Information","Microsoft-Windows-Security-Auditing"
"15/03/2026 07:20:43","4624","Information","Microsoft-Windows-Security-Auditing"
"15/03/2026 07:19:41","4624","Information","Microsoft-Windows-Security-Auditing"
"15/03/2026 07:19:24","4624","Information","Microsoft-Windows-Security-Auditing"
"15/03/2026 07:19:17","4624","Information","Microsoft-Windows-Security-Auditing"
"15/03/2026 07:19:02","4624","Information","Microsoft-Windows-Security-Auditing"
"15/03/2026 07:18:49","4624","Information","Microsoft-Windows-Security-Auditing"
"15/03/2026 07:18:38","4624","Information","Microsoft-Windows-Security-Auditing"
"15/03/2026 07:15:47","4624","Information","Microsoft-Windows-Security-Auditing"
"15/03/2026 07:14:13","4624","Information","Microsoft-Windows-Security-Auditing"
"15/03/2026 07:14:08","4624","Information","Microsoft-Windows-Security-Auditing"
"15/03/2026 07:14:08","4624","Information","Microsoft-Windows-Security-Auditing"
"15/03/2026 07:14:07","4624","Information","Microsoft-Windows-Security-Auditing"
"15/03/2026 07:10:20","4624","Information","Microsoft-Windows-Security-Auditing"
"15/03/2026 07:10:19","4624","Information","Microsoft-Windows-Security-Auditing"
"15/03/2026 07:09:19","4624","Information","Microsoft-Windows-Security-Auditing"
"15/03/2026 07:09:03","4624","Information","Microsoft-Windows-Security-Auditing"
"15/03/2026 07:08:38","4624","Information","Microsoft-Windows-Security-Auditing"
"15/03/2026 07:06:45","4624","Information","Microsoft-Windows-Security-Auditing"
"15/03/2026 07:06:12","4624","Information","Microsoft-Windows-Security-Auditing"
"15/03/2026 07:05:47","4624","Information","Microsoft-Windows-Security-Auditing"
"15/03/2026 07:05:46","4624","Information","Microsoft-Windows-Security-Auditing"
"15/03/2026 07:05:46","4624","Information","Microsoft-Windows-Security-Auditing"
"15/03/2026 07:05:46","4624","Information","Microsoft-Windows-Security-Auditing"
"15/03/2026 07:05:46","4624","Information","Microsoft-Windows-Security-Auditing"
"15/03/2026 07:05:45","4624","Information","Microsoft-Windows-Security-Auditing"
"15/03/2026 07:05:44","4624","Information","Microsoft-Windows-Security-Auditing"
"15/03/2026 07:04:15","4624","Information","Microsoft-Windows-Security-Auditing"
"15/03/2026 07:04:13","4624","Information","Microsoft-Windows-Security-Auditing"
"15/03/2026 07:04:04","4624","Information","Microsoft-Windows-Security-Auditing"
"15/03/2026 07:04:04","4624","Information","Microsoft-Windows-Security-Auditing"
"15/03/2026 07:04:04","4624","Information","Microsoft-Windows-Security-Auditing"
"15/03/2026 07:04:04","4624","Information","Microsoft-Windows-Security-Auditing"
"15/03/2026 07:03:59","4624","Information","Microsoft-Windows-Security-Auditing"
"15/03/2026 07:03:58","4624","Information","Microsoft-Windows-Security-Auditing"
"15/03/2026 07:03:51","4624","Information","Microsoft-Windows-Security-Auditing"
"15/03/2026 07:03:50","4624","Information","Microsoft-Windows-Security-Auditing"
"15/03/2026 07:03:45","4624","Information","Microsoft-Windows-Security-Auditing"
"15/03/2026 07:03:44","4624","Information","Microsoft-Windows-Security-Auditing"
"15/03/2026 07:03:44","4624","Information","Microsoft-Windows-Security-Auditing"
"15/03/2026 07:03:44","4624","Information","Microsoft-Windows-Security-Auditing"
"15/03/2026 07:03:44","4624","Information","Microsoft-Windows-Security-Auditing"
"15/03/2026 07:03:44","4624","Information","Microsoft-Windows-Security-Auditing"
"15/03/2026 07:03:43","4624","Information","Microsoft-Windows-Security-Auditing"
"15/03/2026 07:03:43","4624","Information","Microsoft-Windows-Security-Auditing"
"15/03/2026 07:03:43","4624","Information","Microsoft-Windows-Security-Auditing"
"15/03/2026 07:03:43","4624","Information","Microsoft-Windows-Security-Auditing"
"15/03/2026 07:03:43","4624","Information","Microsoft-Windows-Security-Auditing"
"15/03/2026 07:03:43","4624","Information","Microsoft-Windows-Security-Auditing"
"15/03/2026 07:03:43","4624","Information","Microsoft-Windows-Security-Auditing"
"15/03/2026 07:03:43","4624","Information","Microsoft-Windows-Security-Auditing"
"15/03/2026 07:03:42","4624","Information","Microsoft-Windows-Security-Auditing"
"15/03/2026 07:03:42","4624","Information","Microsoft-Windows-Security-Auditing"
"15/03/2026 07:03:42","4624","Information","Microsoft-Windows-Security-Auditing"
"15/03/2026 07:03:42","4624","Information","Microsoft-Windows-Security-Auditing"
"15/03/2026 07:03:41","4624","Information","Microsoft-Windows-Security-Auditing"
"15/03/2026 07:03:41","4624","Information","Microsoft-Windows-Security-Auditing"
"15/03/2026 07:03:41","4624","Information","Microsoft-Windows-Security-Auditing"
"15/03/2026 07:03:41","4624","Information","Microsoft-Windows-Security-Auditing"
"15/03/2026 07:03:41","4624","Information","Microsoft-Windows-Security-Auditing"
"15/03/2026 07:03:41","4624","Information","Microsoft-Windows-Security-Auditing"
"15/03/2026 07:03:41","4624","Information","Microsoft-Windows-Security-Auditing"
"15/03/2026 07:03:41","4624","Information","Microsoft-Windows-Security-Auditing"
"15/03/2026 07:03:41","4624","Information","Microsoft-Windows-Security-Auditing"
"15/03/2026 07:03:41","4624","Information","Microsoft-Windows-Security-Auditing"
"15/03/2026 07:03:41","4625","Information","Microsoft-Windows-Security-Auditing"
"15/03/2026 07:03:41","4625","Information","Microsoft-Windows-Security-Auditing"
"15/03/2026 07:03:41","4625","Information","Microsoft-Windows-Security-Auditing"
"15/03/2026 07:03:40","4625","Information","Microsoft-Windows-Security-Auditing"
"15/03/2026 07:03:40","4625","Information","Microsoft-Windows-Security-Auditing"
"15/03/2026 07:03:39","4624","Information","Microsoft-Windows-Security-Auditing"
"15/03/2026 07:03:39","4624","Information","Microsoft-Windows-Security-Auditing"
"15/03/2026 07:03:39","4624","Information","Microsoft-Windows-Security-Auditing"
"15/03/2026 07:03:39","4624","Information","Microsoft-Windows-Security-Auditing"
"15/03/2026 07:03:39","4624","Information","Microsoft-Windows-Security-Auditing"
"15/03/2026 07:03:39","4624","Information","Microsoft-Windows-Security-Auditing"
"15/03/2026 07:03:39","4624","Information","Microsoft-Windows-Security-Auditing"
"15/03/2026 07:03:39","4624","Information","Microsoft-Windows-Security-Auditing"
"15/03/2026 07:03:39","4624","Information","Microsoft-Windows-Security-Auditing"
"15/03/2026 07:03:39","4624","Information","Microsoft-Windows-Security-Auditing"
"15/03/2026 07:03:39","4624","Information","Microsoft-Windows-Security-Auditing"
"15/03/2026 07:03:39","4624","Information","Microsoft-Windows-Security-Auditing"
"15/03/2026 07:03:39","4624","Information","Microsoft-Windows-Security-Auditing"
"15/03/2026 07:03:39","4624","Information","Microsoft-Windows-Security-Auditing"
"15/03/2026 07:03:39","4624","Information","Microsoft-Windows-Security-Auditing"
"15/03/2026 07:03:39","4624","Information","Microsoft-Windows-Security-Auditing"
"15/03/2026 07:03:38","4624","Information","Microsoft-Windows-Security-Auditing"
"15/03/2026 07:03:38","4624","Information","Microsoft-Windows-Security-Auditing"
"15/03/2026 07:03:38","4624","Information","Microsoft-Windows-Security-Auditing"
"15/03/2026 07:03:38","4624","Information","Microsoft-Windows-Security-Auditing"
"15/03/2026 07:03:38","4624","Information","Microsoft-Windows-Security-Auditing"
"15/03/2026 07:03:38","4624","Information","Microsoft-Windows-Security-Auditing"
"15/03/2026 07:03:38","4624","Information","Microsoft-Windows-Security-Auditing"
"15/03/2026 07:03:38","4624","Information","Microsoft-Windows-Security-Auditing"
"15/03/2026 07:03:38","4624","Information","Microsoft-Windows-Security-Auditing"
"15/03/2026 07:03:38","4624","Information","Microsoft-Windows-Security-Auditing"
"15/03/2026 07:03:38","4624","Information","Microsoft-Windows-Security-Auditing"
"15/03/2026 07:03:38","4624","Information","Microsoft-Windows-Security-Auditing"
"15/03/2026 07:03:38","4624","Information","Microsoft-Windows-Security-Auditing"
"15/03/2026 07:03:38","4624","Information","Microsoft-Windows-Security-Auditing"
"15/03/2026 07:03:38","4624","Information","Microsoft-Windows-Security-Auditing"
"15/03/2026 07:03:38","4624","Information","Microsoft-Windows-Security-Auditing"
"15/03/2026 07:03:38","4624","Information","Microsoft-Windows-Security-Auditing"
"15/03/2026 07:03:38","4624","Information","Microsoft-Windows-Security-Auditing"
"15/03/2026 07:03:38","4624","Information","Microsoft-Windows-Security-Auditing"
"15/03/2026 07:03:38","4624","Information","Microsoft-Windows-Security-Auditing"
"15/03/2026 07:03:38","4624","Information","Microsoft-Windows-Security-Auditing"
"15/03/2026 07:03:38","4624","Information","Microsoft-Windows-Security-Auditing"
"15/03/2026 07:03:38","4624","Information","Microsoft-Windows-Security-Auditing"
"15/03/2026 07:03:38","4624","Information","Microsoft-Windows-Security-Auditing"
"15/03/2026 07:03:38","4624","Information","Microsoft-Windows-Security-Auditing"
"15/03/2026 07:03:38","4624","Information","Microsoft-Windows-Security-Auditing"
"15/03/2026 07:03:38","4624","Information","Microsoft-Windows-Security-Auditing"
"15/03/2026 07:03:38","4624","Information","Microsoft-Windows-Security-Auditing"
"15/03/2026 07:03:38","4624","Information","Microsoft-Windows-Security-Auditing"
"15/03/2026 07:03:38","4624","Information","Microsoft-Windows-Security-Auditing"
"15/03/2026 07:03:38","4624","Information","Microsoft-Windows-Security-Auditing"
"15/03/2026 07:03:37","4624","Information","Microsoft-Windows-Security-Auditing"
"14/03/2026 21:00:19","4624","Information","Microsoft-Windows-Security-Auditing"
"14/03/2026 20:53:45","4624","Information","Microsoft-Windows-Security-Auditing"
"14/03/2026 20:45:12","4624","Information","Microsoft-Windows-Security-Auditing"
"14/03/2026 20:44:23","4624","Information","Microsoft-Windows-Security-Auditing"
"14/03/2026 20:40:20","4624","Information","Microsoft-Windows-Security-Auditing"
"14/03/2026 20:40:19","4624","Information","Microsoft-Windows-Security-Auditing"
"14/03/2026 20:37:00","4624","Information","Microsoft-Windows-Security-Auditing"
"14/03/2026 20:37:00","4624","Information","Microsoft-Windows-Security-Auditing"
"14/03/2026 20:32:13","4624","Information","Microsoft-Windows-Security-Auditing"
"14/03/2026 20:32:12","4624","Information","Microsoft-Windows-Security-Auditing"
"14/03/2026 20:30:01","4624","Information","Microsoft-Windows-Security-Auditing"
"14/03/2026 20:28:19","4624","Information","Microsoft-Windows-Security-Auditing"
"14/03/2026 20:15:12","4624","Information","Microsoft-Windows-Security-Auditing"
"14/03/2026 19:59:40","4624","Information","Microsoft-Windows-Security-Auditing"
"14/03/2026 19:47:54","4624","Information","Microsoft-Windows-Security-Auditing"
"14/03/2026 19:45:12","4624","Information","Microsoft-Windows-Security-Auditing"
"14/03/2026 19:42:16","4624","Information","Microsoft-Windows-Security-Auditing"
"14/03/2026 19:36:04","4624","Information","Microsoft-Windows-Security-Auditing"
"14/03/2026 19:31:53","4624","Information","Microsoft-Windows-Security-Auditing"
"14/03/2026 19:30:15","4624","Information","Microsoft-Windows-Security-Auditing"
"14/03/2026 19:30:10","4624","Information","Microsoft-Windows-Security-Auditing"
"14/03/2026 19:30:10","4624","Information","Microsoft-Windows-Security-Auditing"
"14/03/2026 19:30:10","4624","Information","Microsoft-Windows-Security-Auditing"
"14/03/2026 19:30:10","4624","Information","Microsoft-Windows-Security-Auditing"
"14/03/2026 19:30:07","4624","Information","Microsoft-Windows-Security-Auditing"
"14/03/2026 19:30:06","4624","Information","Microsoft-Windows-Security-Auditing"
"14/03/2026 19:30:06","4624","Information","Microsoft-Windows-Security-Auditing"
"14/03/2026 19:30:06","4624","Information","Microsoft-Windows-Security-Auditing"
"14/03/2026 19:28:56","4624","Information","Microsoft-Windows-Security-Auditing"
"14/03/2026 19:28:23","4624","Information","Microsoft-Windows-Security-Auditing"
"14/03/2026 19:28:19","4624","Information","Microsoft-Windows-Security-Auditing"
"14/03/2026 19:28:18","4624","Information","Microsoft-Windows-Security-Auditing"
"14/03/2026 19:28:18","4624","Information","Microsoft-Windows-Security-Auditing"
"14/03/2026 19:28:18","4624","Information","Microsoft-Windows-Security-Auditing"
"14/03/2026 19:28:18","4624","Information","Microsoft-Windows-Security-Auditing"
"14/03/2026 19:18:36","4624","Information","Microsoft-Windows-Security-Auditing"
"14/03/2026 19:13:39","4624","Information","Microsoft-Windows-Security-Auditing"
"14/03/2026 19:11:43","4624","Information","Microsoft-Windows-Security-Auditing"
"14/03/2026 19:09:42","4624","Information","Microsoft-Windows-Security-Auditing"
"14/03/2026 19:02:51","4624","Information","Microsoft-Windows-Security-Auditing"
"14/03/2026 18:59:12","4624","Information","Microsoft-Windows-Security-Auditing"
"14/03/2026 18:54:59","4624","Information","Microsoft-Windows-Security-Auditing"
"14/03/2026 18:45:23","4624","Information","Microsoft-Windows-Security-Auditing"
"14/03/2026 18:39:42","4624","Information","Microsoft-Windows-Security-Auditing"
"14/03/2026 18:37:51","4624","Information","Microsoft-Windows-Security-Auditing"
"14/03/2026 18:33:59","4624","Information","Microsoft-Windows-Security-Auditing"
"14/03/2026 18:33:40","4624","Information","Microsoft-Windows-Security-Auditing"
"14/03/2026 18:33:40","4624","Information","Microsoft-Windows-Security-Auditing"
"14/03/2026 18:33:40","4624","Information","Microsoft-Windows-Security-Auditing"
"14/03/2026 18:33:40","4624","Information","Microsoft-Windows-Security-Auditing"
"14/03/2026 18:33:37","4624","Information","Microsoft-Windows-Security-Auditing"
"14/03/2026 18:33:37","4624","Information","Microsoft-Windows-Security-Auditing"
"14/03/2026 18:33:36","4624","Information","Microsoft-Windows-Security-Auditing"
"14/03/2026 18:31:41","4624","Information","Microsoft-Windows-Security-Auditing"
"14/03/2026 18:31:41","4624","Information","Microsoft-Windows-Security-Auditing"
"14/03/2026 18:31:25","4624","Information","Microsoft-Windows-Security-Auditing"
"14/03/2026 18:31:25","4624","Information","Microsoft-Windows-Security-Auditing"
"14/03/2026 18:31:24","4624","Information","Microsoft-Windows-Security-Auditing"
"14/03/2026 18:31:24","4624","Information","Microsoft-Windows-Security-Auditing"
"14/03/2026 18:31:22","4624","Information","Microsoft-Windows-Security-Auditing"
"14/03/2026 18:31:03","4624","Information","Microsoft-Windows-Security-Auditing"
"14/03/2026 18:30:54","4624","Information","Microsoft-Windows-Security-Auditing"
"14/03/2026 18:30:14","4624","Information","Microsoft-Windows-Security-Auditing"
"14/03/2026 18:30:13","4624","Information","Microsoft-Windows-Security-Auditing"
"14/03/2026 18:30:13","4624","Information","Microsoft-Windows-Security-Auditing"
"14/03/2026 18:30:13","4624","Information","Microsoft-Windows-Security-Auditing"
"14/03/2026 18:24:42","4624","Information","Microsoft-Windows-Security-Auditing"
"14/03/2026 18:20:56","4624","Information","Microsoft-Windows-Security-Auditing"
"14/03/2026 18:09:42","4624","Information","Microsoft-Windows-Security-Auditing"
"14/03/2026 18:09:37","4624","Information","Microsoft-Windows-Security-Auditing"
"14/03/2026 18:09:33","4624","Information","Microsoft-Windows-Security-Auditing"
"14/03/2026 18:08:56","4624","Information","Microsoft-Windows-Security-Auditing"
"14/03/2026 18:07:07","4624","Information","Microsoft-Windows-Security-Auditing"
"14/03/2026 18:06:46","4624","Information","Microsoft-Windows-Security-Auditing"
"14/03/2026 17:54:42","4624","Information","Microsoft-Windows-Security-Auditing"
"14/03/2026 17:49:25","4624","Information","Microsoft-Windows-Security-Auditing"
"14/03/2026 17:39:42","4624","Information","Microsoft-Windows-Security-Auditing"
"14/03/2026 17:39:33","4624","Information","Microsoft-Windows-Security-Auditing"
"14/03/2026 17:36:24","4624","Information","Microsoft-Windows-Security-Auditing"
"14/03/2026 17:34:18","4624","Information","Microsoft-Windows-Security-Auditing"
"14/03/2026 17:28:44","4624","Information","Microsoft-Windows-Security-Auditing"
"14/03/2026 17:28:39","4624","Information","Microsoft-Windows-Security-Auditing"
"14/03/2026 17:28:36","4624","Information","Microsoft-Windows-Security-Auditing"
"14/03/2026 17:24:48","4624","Information","Microsoft-Windows-Security-Auditing"
"14/03/2026 17:24:43","4624","Information","Microsoft-Windows-Security-Auditing"
"14/03/2026 17:23:55","4624","Information","Microsoft-Windows-Security-Auditing"
"14/03/2026 17:21:26","4624","Information","Microsoft-Windows-Security-Auditing"
"14/03/2026 17:20:57","4624","Information","Microsoft-Windows-Security-Auditing"
"14/03/2026 17:20:55","4624","Information","Microsoft-Windows-Security-Auditing"
"14/03/2026 17:18:52","4624","Information","Microsoft-Windows-Security-Auditing"
"14/03/2026 17:16:48","4624","Information","Microsoft-Windows-Security-Auditing"
"14/03/2026 17:16:42","4624","Information","Microsoft-Windows-Security-Auditing"
"14/03/2026 17:15:57","4624","Information","Microsoft-Windows-Security-Auditing"
"14/03/2026 17:15:48","4624","Information","Microsoft-Windows-Security-Auditing"
"14/03/2026 17:15:43","4624","Information","Microsoft-Windows-Security-Auditing"
"14/03/2026 17:15:43","4624","Information","Microsoft-Windows-Security-Auditing"
"14/03/2026 17:15:43","4624","Information","Microsoft-Windows-Security-Auditing"
"14/03/2026 17:15:43","4624","Information","Microsoft-Windows-Security-Auditing"
"14/03/2026 17:15:42","4624","Information","Microsoft-Windows-Security-Auditing"
"14/03/2026 17:15:41","4624","Information","Microsoft-Windows-Security-Auditing"
"14/03/2026 17:15:22","4624","Information","Microsoft-Windows-Security-Auditing"
"14/03/2026 17:15:22","4624","Information","Microsoft-Windows-Security-Auditing"
"14/03/2026 17:15:22","4624","Information","Microsoft-Windows-Security-Auditing"
"14/03/2026 17:15:22","4624","Information","Microsoft-Windows-Security-Auditing"
"14/03/2026 17:15:22","4624","Information","Microsoft-Windows-Security-Auditing"
"14/03/2026 17:14:02","4624","Information","Microsoft-Windows-Security-Auditing"
"14/03/2026 17:14:00","4624","Information","Microsoft-Windows-Security-Auditing"
"14/03/2026 17:13:48","4624","Information","Microsoft-Windows-Security-Auditing"
"14/03/2026 17:13:44","4624","Information","Microsoft-Windows-Security-Auditing"
"14/03/2026 17:13:43","4624","Information","Microsoft-Windows-Security-Auditing"
"14/03/2026 17:13:42","4624","Information","Microsoft-Windows-Security-Auditing"
"14/03/2026 17:13:42","4624","Information","Microsoft-Windows-Security-Auditing"
"14/03/2026 17:13:41","4624","Information","Microsoft-Windows-Security-Auditing"
"14/03/2026 17:13:41","4624","Information","Microsoft-Windows-Security-Auditing"
"14/03/2026 17:13:41","4624","Information","Microsoft-Windows-Security-Auditing"
"14/03/2026 17:13:40","4624","Information","Microsoft-Windows-Security-Auditing"
"14/03/2026 17:13:40","4624","Information","Microsoft-Windows-Security-Auditing"
"14/03/2026 17:13:40","4624","Information","Microsoft-Windows-Security-Auditing"
"14/03/2026 17:13:40","4624","Information","Microsoft-Windows-Security-Auditing"
"14/03/2026 17:13:40","4624","Information","Microsoft-Windows-Security-Auditing"
"14/03/2026 17:13:40","4624","Information","Microsoft-Windows-Security-Auditing"
"14/03/2026 17:13:39","4624","Information","Microsoft-Windows-Security-Auditing"
"14/03/2026 17:13:39","4624","Information","Microsoft-Windows-Security-Auditing"
"14/03/2026 17:13:39","4624","Information","Microsoft-Windows-Security-Auditing"
